Project_ID,status
649920516,Error
582811681,Error
2130411520,Error
12288091,Error
654103916,Error
606918004,Error
1534755003,Error
694485197,Error
1530101967,Error
591888598,Error
656761018,Error
590670547,Error
613122278,Error
589431039,Error
692852096,Error
120914193,Error
595258077,Error
688095541,Error
137724218,Error
2126283068,Error
600408352,Error
594204041,Error
13697374,Error
634159433,Error
659030353,Error
588606183,Error
619512175,Error
583336308,Error
589005204,Error
2129985971,Error
682951149,Error
1530200561,Error
657818075,Error
654661035,Error
682525178,Error
585957709,Error
604673368,Error
606568675,Error
652139474,Error
657784994,Error
658446811,Error
685179074,Error
651624777,Error
691847250,Error
135529073,Error
13599330,Error
2122613338,Error
606929543,Error
613236844,Error
616890967,Error
627901037,Error
640287338,Error
641860212,Error
644153974,Error
652018303,Error
691077746,Error
608502435,Error
694518432,Error
652520210,Error
1534952108,Error
653001410,Error
2128872148,Error
585083684,Error
637862632,Error
695698099,Error
1538884337,Error
2124743430,Error
607159058,Error
12813079,Error
597492517,Error
657774108,Error
596866111,Error
610960205,Error
123437903,Error
635765604,Error
607454107,Error
583336864,Error
122323880,Error
693432833,Error
626352386,Error
691237105,Error
683213772,Error
606396662,Error
2122139923,Error
654497281,Error
2128970776,Error
1537529350,Error
136709155,Error
2122733066,Error
693503023,Error
2131395674,Error
651422565,Error
1536263266,Error
599131257,Error
645109277,Error
620582431,Error
613908009,Error
617284791,Error
2135249767,Error
623477963,Error
645203191,Error
659490048,Error
611183486,Error
610691969,Error
689341718,Error
129008923,Error
589268294,Error
590251344,Error
691275111,Error
2123924837,Error
603030908,Error
690048163,Error
133137819,Error
610633120,Error
683541940,Error
609350367,Error
1539659341,Error
693339601,Error
131237331,Error
2124219867,Error
684507390,Error
2132116979,Error
132351545,Error
138118719,Error
658802218,Error
649571256,Error
624952941,Error
628786801,Error
696747659,Error
138184354,Error
651429531,Error
128222886,Error
598611569,Error
2124580523,Error
1539784993,Error
640517844,Error
121538266,Error
1535706866,Error
2121959160,Error
699467499,Error
638355211,Error
127207218,Error
1536329557,Error
600278870,Error
638617419,Error
2122286952,Error
623722813,Error
644614031,Error
629910512,Error
587990982,Error
690270773,Error
585948919,Error
689833946,Error
611354636,Error
698484787,Error
2121369652,Error
651200591,Error
687657523,Error
596904103,Error
2126228508,Error
592677033,Error
581077191,Error
655591636,Error
691747081,Error
684263675,Error
605274497,Error
13207809,Error
604571932,Error
636193062,Error
645859616,Error
137333042,Error
2134313306,Error
1532482447,Error
590186862,Error
627280269,Error
653429122,Error
699271579,Error
123111850,Error
121440700,Error
583586638,Error
126454214,Error
138742226,Error
618826218,Error
693307879,Error
696158701,Error
610732536,Error
623053307,Error
2123696654,Error
2131012697,Error
128027167,Error
697535014,Error
135989801,Error
2134497034,Error
590023230,Error
696224333,Error
1534822995,Error
691309180,Error
611093122,Error
626854534,Error
642484854,Error
649899126,Error
650545871,Error
626330325,Error
626166504,Error
653847674,Error
612756608,Error
590908158,Error
2126121740,Error
639830788,Error
681970464,Error
655821582,Error
648252206,Error
616492168,Error
699206518,Error
699894643,Error
592415624,Error
681374822,Error
691827634,Error
612338607,Error
611631603,Error
591432609,Error
629181361,Error
131763141,Error
629640149,Error
649890760,Error
609979369,Error
13077490,Error
630426618,Error
120851472,Error
580095026,Error
613190695,Error
135072845,Error
598183010,Error
2123685117,Error
125263305,Error
138218700,Error
654623267,Error
602508502,Error
2131168491,Error
601069842,Error
586454911,Error
133139737,Error
138605274,Error
121965866,Error
2133560656,Error
598019436,Error
129633623,Error
603852147,Error
606670205,Error
1532300690,Error
1534856584,Error
2133923741,Error
644156881,Error
586444033,Error
1530957349,Error
120163898,Error
606572120,Error
640618080,Error
607817307,Error
590763964,Error
688819836,Error
620990075,Error
127975413,Error
2132512426,Error
645686165,Error
631246497,Error
137006770,Error
629495758,Error
633048779,Error
627720833,Error
645861134,Error
581250350,Error
624135985,Error
647401296,Error
1380209,Error
2131234660,Error
1530695546,Error
1534300034,Error
602183659,Error
589205375,Error
681611153,Error
652551565,Error
659296200,Error
583385763,Error
123277272,Error
136122347,Error
647761920,Error
1532989463,Error
641556251,Error
1536475831,Error
617877575,Error
582959801,Error
637898870,Error
653749609,Error
659132545,Error
653299864,Error
659460258,Error
648581306,Error
659624133,Error
580817107,Error
1531580638,Error
126161143,Error
681405420,Error
2135494926,Error
632000793,Error
694948130,Error
619450668,Error
1530663230,Error
690275046,Error
132092282,Error
681709943,Error
126660711,Error
590713252,Error
632754597,Error
609784315,Error
608604677,Error
128795397,Error
649920516,Error
582811681,Error
2130411520,Error
12288091,Error
654103916,Error
606918004,Error
1534755003,Error
694485197,Error
1530101967,Error
591888598,Error
656761018,Error
590670547,Error
613122278,Error
589431039,Error
692852096,Error
120914193,Error
595258077,Error
688095541,Error
137724218,Error
2126283068,Error
600408352,Error
594204041,Error
13697374,Error
634159433,Error
659030353,Error
588606183,Error
619512175,Error
583336308,Error
589005204,Error
2129985971,Error
682951149,Error
1530200561,Error
657818075,Error
654661035,Error
682525178,Error
585957709,Error
604673368,Error
606568675,Error
652139474,Error
657784994,Error
658446811,Error
685179074,Error
651624777,Error
691847250,Error
135529073,Error
13599330,Error
2122613338,Error
606929543,Error
613236844,Error
616890967,Error
627901037,Error
640287338,Error
641860212,Error
644153974,Error
652018303,Error
691077746,Error
608502435,Error
694518432,Error
652520210,Error
1534952108,Error
653001410,Error
2128872148,Error
585083684,Error
637862632,Error
695698099,Error
1538884337,Error
2124743430,Error
607159058,Error
12813079,Error
597492517,Error
657774108,Error
596866111,Error
610960205,Error
123437903,Error
635765604,Error
607454107,Error
583336864,Error
122323880,Error
693432833,Error
626352386,Error
691237105,Error
683213772,Error
606396662,Error
2122139923,Error
654497281,Error
2128970776,Error
1537529350,Error
136709155,Error
2122733066,Error
693503023,Error
2131395674,Error
651422565,Error
1536263266,Error
599131257,Error
645109277,Error
620582431,Error
613908009,Error
617284791,Error
2135249767,Error
623477963,Error
645203191,Error
659490048,Error
611183486,Error
610691969,Error
689341718,Error
129008923,Error
589268294,Error
590251344,Error
691275111,Error
2123924837,Error
603030908,Error
690048163,Error
133137819,Error
610633120,Error
683541940,Error
609350367,Error
1539659341,Error
693339601,Error
131237331,Error
2124219867,Error
684507390,Error
2132116979,Error
132351545,Error
138118719,Error
658802218,Error
649571256,Error
624952941,Error
628786801,Error
696747659,Error
138184354,Error
651429531,Error
128222886,Error
598611569,Error
2124580523,Error
1539784993,Error
640517844,Error
121538266,Error
1535706866,Error
2121959160,Error
699467499,Error
638355211,Error
127207218,Error
1536329557,Error
600278870,Error
638617419,Error
2122286952,Error
623722813,Error
644614031,Error
629910512,Error
587990982,Error
690270773,Error
585948919,Error
689833946,Error
611354636,Error
698484787,Error
2121369652,Error
651200591,Error
687657523,Error
596904103,Error
2126228508,Error
592677033,Error
581077191,Error
655591636,Error
691747081,Error
684263675,Error
605274497,Error
13207809,Error
604571932,Error
636193062,Error
645859616,Error
137333042,Error
2134313306,Error
1532482447,Error
590186862,Error
627280269,Error
653429122,Error
699271579,Error
123111850,Error
121440700,Error
583586638,Error
126454214,Error
138742226,Error
618826218,Error
693307879,Error
696158701,Error
610732536,Error
623053307,Error
2123696654,Error
2131012697,Error
128027167,Error
697535014,Error
135989801,Error
2134497034,Error
590023230,Error
696224333,Error
1534822995,Error
691309180,Error
611093122,Error
626854534,Error
642484854,Error
649899126,Error
650545871,Error
626330325,Error
626166504,Error
653847674,Error
612756608,Error
590908158,Error
2126121740,Error
639830788,Error
681970464,Error
655821582,Error
648252206,Error
616492168,Error
699206518,Error
699894643,Error
592415624,Error
681374822,Error
691827634,Error
612338607,Error
611631603,Error
591432609,Error
629181361,Error
131763141,Error
629640149,Error
649890760,Error
609979369,Error
13077490,Error
630426618,Error
120851472,Error
580095026,Error
613190695,Error
135072845,Error
598183010,Error
2123685117,Error
125263305,Error
138218700,Error
654623267,Error
602508502,Error
2131168491,Error
601069842,Error
586454911,Error
133139737,Error
138605274,Error
121965866,Error
2133560656,Error
598019436,Error
129633623,Error
603852147,Error
606670205,Error
1532300690,Error
1534856584,Error
2133923741,Error
644156881,Error
586444033,Error
1530957349,Error
120163898,Error
606572120,Error
640618080,Error
607817307,Error
590763964,Error
688819836,Error
620990075,Error
127975413,Error
2132512426,Error
645686165,Error
631246497,Error
137006770,Error
629495758,Error
633048779,Error
627720833,Error
645861134,Error
581250350,Error
624135985,Error
647401296,Error
1380209,Error
2131234660,Error
1530695546,Error
1534300034,Error
602183659,Error
589205375,Error
681611153,Error
652551565,Error
659296200,Error
583385763,Error
123277272,Error
136122347,Error
647761920,Error
1532989463,Error
641556251,Error
1536475831,Error
617877575,Error
582959801,Error
637898870,Error
653749609,Error
659132545,Error
653299864,Error
659460258,Error
648581306,Error
659624133,Error
580817107,Error
1531580638,Error
126161143,Error
681405420,Error
2135494926,Error
632000793,Error
694948130,Error
619450668,Error
1530663230,Error
690275046,Error
132092282,Error
681709943,Error
126660711,Error
590713252,Error
632754597,Error
609784315,Error
608604677,Error
649920516,Error
582811681,Error
2130411520,Error
12288091,Error
654103916,Error
606918004,Error
1534755003,Error
694485197,Error
1530101967,Error
591888598,Error
656761018,Error
590670547,Error
613122278,Error
589431039,Error
692852096,Error
120914193,Error
595258077,Error
688095541,Error
137724218,Error
2126283068,Error
600408352,Error
594204041,Error
13697374,Error
634159433,Error
659030353,Error
588606183,Error
619512175,Error
583336308,Error
589005204,Error
2129985971,Error
682951149,Error
1530200561,Error
657818075,Error
654661035,Error
682525178,Error
585957709,Error
604673368,Error
606568675,Error
652139474,Error
657784994,Error
658446811,Error
685179074,Error
651624777,Error
691847250,Error
135529073,Error
13599330,Error
2122613338,Error
606929543,Error
613236844,Error
616890967,Error
627901037,Error
640287338,Error
641860212,Error
644153974,Error
652018303,Error
691077746,Error
608502435,Error
694518432,Error
652520210,Error
1534952108,Error
653001410,Error
2128872148,Error
585083684,Error
637862632,Error
695698099,Error
1538884337,Error
2124743430,Error
607159058,Error
12813079,Error
597492517,Error
657774108,Error
596866111,Error
610960205,Error
123437903,Error
635765604,Error
607454107,Error
583336864,Error
122323880,Error
693432833,Error
626352386,Error
691237105,Error
683213772,Error
606396662,Error
2122139923,Error
654497281,Error
2128970776,Error
1537529350,Error
136709155,Error
2122733066,Error
693503023,Error
2131395674,Error
651422565,Error
1536263266,Error
599131257,Error
645109277,Error
620582431,Error
613908009,Error
617284791,Error
2135249767,Error
623477963,Error
645203191,Error
659490048,Error
611183486,Error
610691969,Error
689341718,Error
129008923,Error
589268294,Error
590251344,Error
691275111,Error
2123924837,Error
603030908,Error
690048163,Error
133137819,Error
610633120,Error
683541940,Error
609350367,Error
1539659341,Error
693339601,Error
131237331,Error
2124219867,Error
684507390,Error
2132116979,Error
132351545,Error
138118719,Error
658802218,Error
649571256,Error
624952941,Error
628786801,Error
696747659,Error
138184354,Error
651429531,Error
128222886,Error
598611569,Error
2124580523,Error
1539784993,Error
640517844,Error
121538266,Error
1535706866,Error
2121959160,Error
699467499,Error
638355211,Error
127207218,Error
1536329557,Error
600278870,Error
638617419,Error
2122286952,Error
623722813,Error
644614031,Error
629910512,Error
587990982,Error
690270773,Error
585948919,Error
689833946,Error
611354636,Error
698484787,Error
2121369652,Error
651200591,Error
687657523,Error
596904103,Error
2126228508,Error
592677033,Error
581077191,Error
655591636,Error
691747081,Error
684263675,Error
605274497,Error
13207809,Error
604571932,Error
636193062,Error
645859616,Error
137333042,Error
2134313306,Error
1532482447,Error
590186862,Error
627280269,Error
653429122,Error
699271579,Error
123111850,Error
121440700,Error
583586638,Error
126454214,Error
138742226,Error
618826218,Error
693307879,Error
696158701,Error
610732536,Error
623053307,Error
2123696654,Error
2131012697,Error
128027167,Error
697535014,Error
135989801,Error
2134497034,Error
590023230,Error
696224333,Error
1534822995,Error
691309180,Error
611093122,Error
626854534,Error
642484854,Error
649899126,Error
650545871,Error
626330325,Error
626166504,Error
653847674,Error
612756608,Error
590908158,Error
2126121740,Error
639830788,Error
681970464,Error
655821582,Error
648252206,Error
616492168,Error
699206518,Error
699894643,Error
592415624,Error
681374822,Error
691827634,Error
612338607,Error
611631603,Error
591432609,Error
629181361,Error
131763141,Error
629640149,Error
649890760,Error
609979369,Error
13077490,Error
630426618,Error
120851472,Error
580095026,Error
613190695,Error
135072845,Error
598183010,Error
2123685117,Error
125263305,Error
138218700,Error
654623267,Error
602508502,Error
2131168491,Error
601069842,Error
586454911,Error
133139737,Error
138605274,Error
121965866,Error
2133560656,Error
598019436,Error
129633623,Error
603852147,Error
606670205,Error
1532300690,Error
1534856584,Error
2133923741,Error
644156881,Error
586444033,Error
1530957349,Error
120163898,Error
606572120,Error
640618080,Error
607817307,Error
590763964,Error
688819836,Error
620990075,Error
127975413,Error
2132512426,Error
645686165,Error
631246497,Error
137006770,Error
629495758,Error
633048779,Error
627720833,Error
645861134,Error
581250350,Error
624135985,Error
647401296,Error
1380209,Error
2131234660,Error
1530695546,Error
1534300034,Error
602183659,Error
589205375,Error
681611153,Error
652551565,Error
659296200,Error
583385763,Error
123277272,Error
136122347,Error
647761920,Error
1532989463,Error
641556251,Error
1536475831,Error
617877575,Error
582959801,Error
637898870,Error
653749609,Error
659132545,Error
653299864,Error
659460258,Error
648581306,Error
659624133,Error
580817107,Error
1531580638,Error
126161143,Error
681405420,Error
2135494926,Error
632000793,Error
694948130,Error
619450668,Error
1530663230,Error
690275046,Error
132092282,Error
681709943,Error
126660711,Error
590713252,Error
632754597,Error
609784315,Error
608604677,Error
128795397,Error
649920516,Error
582811681,Error
2130411520,Error
12288091,Error
654103916,Error
606918004,Error
1534755003,Error
694485197,Error
1530101967,Error
591888598,Error
656761018,Error
590670547,Error
613122278,Error
589431039,Error
692852096,Error
120914193,Error
595258077,Error
688095541,Error
137724218,Error
2126283068,Error
600408352,Error
594204041,Error
13697374,Error
634159433,Error
659030353,Error
588606183,Error
619512175,Error
583336308,Error
589005204,Error
2129985971,Error
682951149,Error
1530200561,Error
657818075,Error
654661035,Error
682525178,Error
585957709,Error
604673368,Error
606568675,Error
652139474,Error
657784994,Error
658446811,Error
685179074,Error
651624777,Error
691847250,Error
135529073,Error
13599330,Error
2122613338,Error
606929543,Error
613236844,Error
616890967,Error
627901037,Error
640287338,Error
641860212,Error
644153974,Error
652018303,Error
691077746,Error
608502435,Error
694518432,Error
652520210,Error
1534952108,Error
653001410,Error
2128872148,Error
585083684,Error
637862632,Error
695698099,Error
1538884337,Error
2124743430,Error
607159058,Error
12813079,Error
597492517,Error
657774108,Error
596866111,Error
610960205,Error
123437903,Error
635765604,Error
607454107,Error
583336864,Error
122323880,Error
693432833,Error
626352386,Error
691237105,Error
683213772,Error
606396662,Error
2122139923,Error
654497281,Error
2128970776,Error
1537529350,Error
136709155,Error
2122733066,Error
693503023,Error
2131395674,Error
651422565,Error
1536263266,Error
599131257,Error
645109277,Error
620582431,Error
613908009,Error
617284791,Error
2135249767,Error
623477963,Error
645203191,Error
659490048,Error
611183486,Error
610691969,Error
689341718,Error
129008923,Error
589268294,Error
590251344,Error
691275111,Error
2123924837,Error
603030908,Error
690048163,Error
133137819,Error
610633120,Error
683541940,Error
609350367,Error
1539659341,Error
693339601,Error
131237331,Error
2124219867,Error
684507390,Error
2132116979,Error
132351545,Error
138118719,Error
658802218,Error
649571256,Error
624952941,Error
628786801,Error
696747659,Error
138184354,Error
651429531,Error
128222886,Error
598611569,Error
2124580523,Error
1539784993,Error
640517844,Error
121538266,Error
1535706866,Error
2121959160,Error
699467499,Error
638355211,Error
127207218,Error
1536329557,Error
600278870,Error
638617419,Error
2122286952,Error
623722813,Error
644614031,Error
629910512,Error
587990982,Error
690270773,Error
585948919,Error
689833946,Error
611354636,Error
698484787,Error
2121369652,Error
651200591,Error
687657523,Error
596904103,Error
2126228508,Error
592677033,Error
581077191,Error
655591636,Error
691747081,Error
684263675,Error
605274497,Error
13207809,Error
604571932,Error
636193062,Error
645859616,Error
137333042,Error
2134313306,Error
1532482447,Error
590186862,Error
627280269,Error
653429122,Error
699271579,Error
123111850,Error
121440700,Error
583586638,Error
126454214,Error
138742226,Error
618826218,Error
693307879,Error
696158701,Error
610732536,Error
623053307,Error
2123696654,Error
2131012697,Error
128027167,Error
697535014,Error
135989801,Error
2134497034,Error
590023230,Error
696224333,Error
1534822995,Error
691309180,Error
611093122,Error
626854534,Error
642484854,Error
649899126,Error
650545871,Error
626330325,Error
626166504,Error
653847674,Error
612756608,Error
590908158,Error
2126121740,Error
639830788,Error
681970464,Error
655821582,Error
648252206,Error
616492168,Error
699206518,Error
699894643,Error
592415624,Error
681374822,Error
691827634,Error
612338607,Error
611631603,Error
591432609,Error
629181361,Error
131763141,Error
629640149,Error
649890760,Error
609979369,Error
13077490,Error
630426618,Error
120851472,Error
580095026,Error
613190695,Error
135072845,Error
598183010,Error
2123685117,Error
125263305,Error
138218700,Error
654623267,Error
602508502,Error
2131168491,Error
601069842,Error
586454911,Error
133139737,Error
138605274,Error
121965866,Error
2133560656,Error
598019436,Error
129633623,Error
603852147,Error
606670205,Error
1532300690,Error
1534856584,Error
2133923741,Error
644156881,Error
586444033,Error
1530957349,Error
120163898,Error
606572120,Error
640618080,Error
607817307,Error
590763964,Error
688819836,Error
620990075,Error
127975413,Error
2132512426,Error
645686165,Error
631246497,Error
137006770,Error
629495758,Error
633048779,Error
627720833,Error
645861134,Error
581250350,Error
624135985,Error
647401296,Error
1380209,Error
2131234660,Error
1530695546,Error
1534300034,Error
602183659,Error
589205375,Error
681611153,Error
652551565,Error
659296200,Error
583385763,Error
123277272,Error
136122347,Error
647761920,Error
1532989463,Error
641556251,Error
1536475831,Error
617877575,Error
582959801,Error
637898870,Error
653749609,Error
659132545,Error
653299864,Error
659460258,Error
648581306,Error
659624133,Error
580817107,Error
1531580638,Error
126161143,Error
681405420,Error
2135494926,Error
632000793,Error
694948130,Error
619450668,Error
1530663230,Error
690275046,Error
132092282,Error
681709943,Error
126660711,Error
590713252,Error
632754597,Error
609784315,Error
649920516,Error
582811681,Error
2130411520,Error
12288091,Error
654103916,Error
606918004,Error
1534755003,Error
694485197,Error
1530101967,Error
591888598,Error
656761018,Error
590670547,Error
613122278,Error
589431039,Error
692852096,Error
120914193,Error
595258077,Error
688095541,Error
137724218,Error
2126283068,Error
600408352,Error
594204041,Error
13697374,Error
634159433,Error
659030353,Error
588606183,Error
619512175,Error
583336308,Error
589005204,Error
2129985971,Error
682951149,Error
1530200561,Error
657818075,Error
654661035,Error
682525178,Error
585957709,Error
604673368,Error
606568675,Error
652139474,Error
657784994,Error
658446811,Error
685179074,Error
651624777,Error
691847250,Error
135529073,Error
13599330,Error
2122613338,Error
606929543,Error
613236844,Error
616890967,Error
627901037,Error
640287338,Error
641860212,Error
644153974,Error
652018303,Error
691077746,Error
608502435,Error
694518432,Error
652520210,Error
1534952108,Error
653001410,Error
2128872148,Error
585083684,Error
637862632,Error
695698099,Error
1538884337,Error
2124743430,Error
607159058,Error
12813079,Error
597492517,Error
657774108,Error
596866111,Error
610960205,Error
123437903,Error
635765604,Error
607454107,Error
583336864,Error
122323880,Error
693432833,Error
626352386,Error
691237105,Error
683213772,Error
606396662,Error
2122139923,Error
654497281,Error
2128970776,Error
1537529350,Error
136709155,Error
2122733066,Error
693503023,Error
2131395674,Error
651422565,Error
1536263266,Error
599131257,Error
645109277,Error
620582431,Error
613908009,Error
617284791,Error
2135249767,Error
623477963,Error
645203191,Error
659490048,Error
611183486,Error
610691969,Error
689341718,Error
129008923,Error
589268294,Error
590251344,Error
691275111,Error
2123924837,Error
603030908,Error
690048163,Error
133137819,Error
610633120,Error
683541940,Error
609350367,Error
1539659341,Error
693339601,Error
131237331,Error
2124219867,Error
684507390,Error
2132116979,Error
132351545,Error
138118719,Error
658802218,Error
649571256,Error
624952941,Error
628786801,Error
696747659,Error
138184354,Error
651429531,Error
128222886,Error
598611569,Error
2124580523,Error
1539784993,Error
640517844,Error
121538266,Error
1535706866,Error
2121959160,Error
699467499,Error
638355211,Error
127207218,Error
1536329557,Error
600278870,Error
638617419,Error
2122286952,Error
623722813,Error
644614031,Error
629910512,Error
587990982,Error
690270773,Error
585948919,Error
689833946,Error
611354636,Error
698484787,Error
2121369652,Error
651200591,Error
687657523,Error
596904103,Error
2126228508,Error
592677033,Error
581077191,Error
655591636,Error
691747081,Error
684263675,Error
605274497,Error
13207809,Error
604571932,Error
636193062,Error
645859616,Error
137333042,Error
2134313306,Error
1532482447,Error
590186862,Error
627280269,Error
653429122,Error
699271579,Error
123111850,Error
121440700,Error
583586638,Error
126454214,Error
138742226,Error
618826218,Error
693307879,Error
696158701,Error
610732536,Error
623053307,Error
2123696654,Error
2131012697,Error
128027167,Error
697535014,Error
135989801,Error
2134497034,Error
590023230,Error
696224333,Error
1534822995,Error
691309180,Error
611093122,Error
626854534,Error
642484854,Error
649899126,Error
650545871,Error
626330325,Error
626166504,Error
653847674,Error
612756608,Error
590908158,Error
2126121740,Error
639830788,Error
681970464,Error
655821582,Error
648252206,Error
616492168,Error
699206518,Error
699894643,Error
592415624,Error
681374822,Error
691827634,Error
612338607,Error
611631603,Error
591432609,Error
629181361,Error
131763141,Error
629640149,Error
649890760,Error
609979369,Error
13077490,Error
630426618,Error
120851472,Error
580095026,Error
613190695,Error
135072845,Error
598183010,Error
2123685117,Error
125263305,Error
138218700,Error
654623267,Error
602508502,Error
2131168491,Error
601069842,Error
586454911,Error
133139737,Error
138605274,Error
121965866,Error
2133560656,Error
598019436,Error
129633623,Error
603852147,Error
606670205,Error
1532300690,Error
1534856584,Error
2133923741,Error
644156881,Error
586444033,Error
1530957349,Error
120163898,Error
606572120,Error
640618080,Error
607817307,Error
590763964,Error
688819836,Error
620990075,Error
127975413,Error
2132512426,Error
645686165,Error
631246497,Error
137006770,Error
629495758,Error
633048779,Error
627720833,Error
645861134,Error
581250350,Error
624135985,Error
647401296,Error
1380209,Error
2131234660,Error
1530695546,Error
1534300034,Error
602183659,Error
589205375,Error
681611153,Error
652551565,Error
659296200,Error
583385763,Error
123277272,Error
136122347,Error
647761920,Error
1532989463,Error
641556251,Error
1536475831,Error
617877575,Error
582959801,Error
637898870,Error
653749609,Error
659132545,Error
653299864,Error
659460258,Error
648581306,Error
659624133,Error
580817107,Error
1531580638,Error
126161143,Error
681405420,Error
2135494926,Error
632000793,Error
694948130,Error
619450668,Error
1530663230,Error
690275046,Error
132092282,Error
681709943,Error
126660711,Error
590713252,Error
632754597,Error
609784315,Error
608604677,Error
128795397,Error
649920516,Error
582811681,Error
2130411520,Error
12288091,Error
654103916,Error
606918004,Error
1534755003,Error
694485197,Error
1530101967,Error
591888598,Error
656761018,Error
590670547,Error
613122278,Error
589431039,Error
692852096,Error
120914193,Error
595258077,Error
688095541,Error
137724218,Error
2126283068,Error
600408352,Error
594204041,Error
13697374,Error
634159433,Error
659030353,Error
588606183,Error
619512175,Error
583336308,Error
589005204,Error
2129985971,Error
682951149,Error
1530200561,Error
657818075,Error
654661035,Error
682525178,Error
585957709,Error
604673368,Error
606568675,Error
652139474,Error
657784994,Error
658446811,Error
685179074,Error
651624777,Error
691847250,Error
135529073,Error
13599330,Error
2122613338,Error
606929543,Error
613236844,Error
616890967,Error
627901037,Error
640287338,Error
641860212,Error
644153974,Error
652018303,Error
691077746,Error
608502435,Error
694518432,Error
652520210,Error
1534952108,Error
653001410,Error
2128872148,Error
585083684,Error
637862632,Error
695698099,Error
1538884337,Error
2124743430,Error
607159058,Error
12813079,Error
597492517,Error
657774108,Error
596866111,Error
610960205,Error
123437903,Error
635765604,Error
607454107,Error
583336864,Error
122323880,Error
693432833,Error
626352386,Error
691237105,Error
683213772,Error
606396662,Error
2122139923,Error
654497281,Error
2128970776,Error
1537529350,Error
136709155,Error
2122733066,Error
693503023,Error
2131395674,Error
651422565,Error
1536263266,Error
599131257,Error
645109277,Error
620582431,Error
613908009,Error
617284791,Error
2135249767,Error
623477963,Error
645203191,Error
659490048,Error
611183486,Error
610691969,Error
689341718,Error
129008923,Error
589268294,Error
590251344,Error
691275111,Error
2123924837,Error
603030908,Error
690048163,Error
133137819,Error
610633120,Error
683541940,Error
609350367,Error
1539659341,Error
693339601,Error
131237331,Error
2124219867,Error
684507390,Error
2132116979,Error
132351545,Error
138118719,Error
658802218,Error
649571256,Error
624952941,Error
628786801,Error
696747659,Error
138184354,Error
651429531,Error
128222886,Error
598611569,Error
2124580523,Error
1539784993,Error
640517844,Error
121538266,Error
1535706866,Error
2121959160,Error
699467499,Error
638355211,Error
127207218,Error
1536329557,Error
600278870,Error
638617419,Error
2122286952,Error
623722813,Error
644614031,Error
629910512,Error
587990982,Error
690270773,Error
585948919,Error
689833946,Error
611354636,Error
698484787,Error
2121369652,Error
651200591,Error
687657523,Error
596904103,Error
2126228508,Error
592677033,Error
581077191,Error
655591636,Error
691747081,Error
684263675,Error
605274497,Error
13207809,Error
604571932,Error
636193062,Error
645859616,Error
137333042,Error
2134313306,Error
1532482447,Error
590186862,Error
627280269,Error
653429122,Error
699271579,Error
123111850,Error
121440700,Error
583586638,Error
126454214,Error
138742226,Error
618826218,Error
693307879,Error
696158701,Error
610732536,Error
623053307,Error
2123696654,Error
2131012697,Error
128027167,Error
697535014,Error
135989801,Error
2134497034,Error
590023230,Error
696224333,Error
1534822995,Error
691309180,Error
611093122,Error
626854534,Error
642484854,Error
649899126,Error
650545871,Error
626330325,Error
626166504,Error
653847674,Error
612756608,Error
590908158,Error
2126121740,Error
639830788,Error
681970464,Error
655821582,Error
648252206,Error
616492168,Error
699206518,Error
699894643,Error
592415624,Error
681374822,Error
691827634,Error
612338607,Error
611631603,Error
591432609,Error
629181361,Error
131763141,Error
629640149,Error
649890760,Error
609979369,Error
13077490,Error
630426618,Error
120851472,Error
580095026,Error
613190695,Error
135072845,Error
598183010,Error
2123685117,Error
125263305,Error
138218700,Error
654623267,Error
602508502,Error
2131168491,Error
601069842,Error
586454911,Error
133139737,Error
138605274,Error
121965866,Error
2133560656,Error
598019436,Error
129633623,Error
603852147,Error
606670205,Error
1532300690,Error
1534856584,Error
2133923741,Error
644156881,Error
586444033,Error
1530957349,Error
120163898,Error
606572120,Error
640618080,Error
607817307,Error
590763964,Error
688819836,Error
620990075,Error
127975413,Error
2132512426,Error
645686165,Error
631246497,Error
137006770,Error
629495758,Error
633048779,Error
627720833,Error
645861134,Error
581250350,Error
624135985,Error
647401296,Error
1380209,Error
2131234660,Error
1530695546,Error
1534300034,Error
602183659,Error
589205375,Error
681611153,Error
652551565,Error
659296200,Error
583385763,Error
123277272,Error
136122347,Error
647761920,Error
1532989463,Error
641556251,Error
1536475831,Error
617877575,Error
582959801,Error
637898870,Error
653749609,Error
659132545,Error
653299864,Error
659460258,Error
648581306,Error
659624133,Error
580817107,Error
1531580638,Error
126161143,Error
681405420,Error
2135494926,Error
632000793,Error
694948130,Error
619450668,Error
1530663230,Error
690275046,Error
132092282,Error
681709943,Error
126660711,Error
590713252,Error
632754597,Error
609784315,Error
608604677,Error
649920516,Error
582811681,Error
2130411520,Error
12288091,Error
654103916,Error
606918004,Error
1534755003,Error
694485197,Error
1530101967,Error
591888598,Error
656761018,Error
590670547,Error
613122278,Error
589431039,Error
692852096,Error
120914193,Error
595258077,Error
688095541,Error
137724218,Error
2126283068,Error
600408352,Error
594204041,Error
13697374,Error
634159433,Error
659030353,Error
588606183,Error
619512175,Error
583336308,Error
589005204,Error
2129985971,Error
682951149,Error
1530200561,Error
657818075,Error
654661035,Error
682525178,Error
585957709,Error
604673368,Error
606568675,Error
652139474,Error
657784994,Error
658446811,Error
685179074,Error
651624777,Error
691847250,Error
135529073,Error
13599330,Error
2122613338,Error
606929543,Error
613236844,Error
616890967,Error
627901037,Error
640287338,Error
641860212,Error
644153974,Error
652018303,Error
691077746,Error
608502435,Error
694518432,Error
652520210,Error
1534952108,Error
653001410,Error
2128872148,Error
585083684,Error
637862632,Error
695698099,Error
1538884337,Error
2124743430,Error
607159058,Error
12813079,Error
597492517,Error
657774108,Error
596866111,Error
610960205,Error
123437903,Error
635765604,Error
607454107,Error
583336864,Error
122323880,Error
693432833,Error
626352386,Error
691237105,Error
683213772,Error
606396662,Error
2122139923,Error
654497281,Error
2128970776,Error
1537529350,Error
136709155,Error
2122733066,Error
693503023,Error
2131395674,Error
651422565,Error
1536263266,Error
599131257,Error
645109277,Error
620582431,Error
613908009,Error
617284791,Error
2135249767,Error
623477963,Error
645203191,Error
659490048,Error
611183486,Error
610691969,Error
689341718,Error
129008923,Error
589268294,Error
590251344,Error
691275111,Error
2123924837,Error
603030908,Error
690048163,Error
133137819,Error
610633120,Error
683541940,Error
609350367,Error
1539659341,Error
693339601,Error
131237331,Error
2124219867,Error
684507390,Error
2132116979,Error
132351545,Error
138118719,Error
658802218,Error
649571256,Error
624952941,Error
628786801,Error
696747659,Error
138184354,Error
651429531,Error
128222886,Error
598611569,Error
2124580523,Error
1539784993,Error
640517844,Error
121538266,Error
1535706866,Error
2121959160,Error
699467499,Error
638355211,Error
127207218,Error
1536329557,Error
600278870,Error
638617419,Error
2122286952,Error
623722813,Error
644614031,Error
629910512,Error
587990982,Error
690270773,Error
585948919,Error
689833946,Error
611354636,Error
698484787,Error
2121369652,Error
651200591,Error
687657523,Error
596904103,Error
2126228508,Error
592677033,Error
581077191,Error
655591636,Error
691747081,Error
684263675,Error
605274497,Error
13207809,Error
604571932,Error
636193062,Error
645859616,Error
137333042,Error
2134313306,Error
1532482447,Error
590186862,Error
627280269,Error
653429122,Error
699271579,Error
123111850,Error
121440700,Error
583586638,Error
126454214,Error
138742226,Error
618826218,Error
693307879,Error
696158701,Error
610732536,Error
623053307,Error
2123696654,Error
2131012697,Error
128027167,Error
697535014,Error
135989801,Error
2134497034,Error
590023230,Error
696224333,Error
1534822995,Error
691309180,Error
611093122,Error
626854534,Error
642484854,Error
649899126,Error
650545871,Error
626330325,Error
626166504,Error
653847674,Error
612756608,Error
590908158,Error
2126121740,Error
639830788,Error
681970464,Error
655821582,Error
648252206,Error
616492168,Error
699206518,Error
699894643,Error
592415624,Error
681374822,Error
691827634,Error
612338607,Error
611631603,Error
591432609,Error
629181361,Error
131763141,Error
629640149,Error
649890760,Error
609979369,Error
13077490,Error
630426618,Error
120851472,Error
580095026,Error
613190695,Error
135072845,Error
598183010,Error
2123685117,Error
125263305,Error
138218700,Error
654623267,Error
602508502,Error
2131168491,Error
601069842,Error
586454911,Error
133139737,Error
138605274,Error
121965866,Error
2133560656,Error
598019436,Error
129633623,Error
603852147,Error
606670205,Error
1532300690,Error
1534856584,Error
2133923741,Error
644156881,Error
586444033,Error
1530957349,Error
120163898,Error
606572120,Error
640618080,Error
607817307,Error
590763964,Error
688819836,Error
620990075,Error
127975413,Error
2132512426,Error
645686165,Error
631246497,Error
137006770,Error
629495758,Error
633048779,Error
627720833,Error
645861134,Error
581250350,Error
624135985,Error
647401296,Error
1380209,Error
2131234660,Error
1530695546,Error
1534300034,Error
602183659,Error
589205375,Error
681611153,Error
652551565,Error
659296200,Error
583385763,Error
123277272,Error
136122347,Error
647761920,Error
1532989463,Error
641556251,Error
1536475831,Error
617877575,Error
582959801,Error
637898870,Error
653749609,Error
659132545,Error
653299864,Error
659460258,Error
648581306,Error
659624133,Error
580817107,Error
1531580638,Error
126161143,Error
681405420,Error
2135494926,Error
632000793,Error
694948130,Error
619450668,Error
1530663230,Error
690275046,Error
132092282,Error
681709943,Error
126660711,Error
590713252,Error
632754597,Error
609784315,Error
608604677,Error
128795397,Error
649920516,Error
582811681,Error
2130411520,Error
12288091,Error
654103916,Error
606918004,Error
1534755003,Error
694485197,Error
1530101967,Error
591888598,Error
656761018,Error
590670547,Error
613122278,Error
589431039,Error
692852096,Error
120914193,Error
595258077,Error
688095541,Error
137724218,Error
2126283068,Error
600408352,Error
594204041,Error
13697374,Error
634159433,Error
659030353,Error
588606183,Error
619512175,Error
583336308,Error
589005204,Error
2129985971,Error
682951149,Error
1530200561,Error
657818075,Error
654661035,Error
682525178,Error
585957709,Error
604673368,Error
606568675,Error
652139474,Error
657784994,Error
658446811,Error
685179074,Error
651624777,Error
691847250,Error
135529073,Error
13599330,Error
2122613338,Error
606929543,Error
613236844,Error
616890967,Error
627901037,Error
640287338,Error
641860212,Error
644153974,Error
652018303,Error
691077746,Error
608502435,Error
694518432,Error
652520210,Error
1534952108,Error
653001410,Error
2128872148,Error
585083684,Error
637862632,Error
695698099,Error
1538884337,Error
2124743430,Error
607159058,Error
12813079,Error
597492517,Error
657774108,Error
596866111,Error
610960205,Error
123437903,Error
635765604,Error
607454107,Error
583336864,Error
122323880,Error
693432833,Error
626352386,Error
691237105,Error
683213772,Error
606396662,Error
2122139923,Error
654497281,Error
2128970776,Error
1537529350,Error
136709155,Error
2122733066,Error
693503023,Error
2131395674,Error
651422565,Error
1536263266,Error
599131257,Error
645109277,Error
620582431,Error
613908009,Error
617284791,Error
2135249767,Error
623477963,Error
645203191,Error
659490048,Error
611183486,Error
610691969,Error
689341718,Error
129008923,Error
589268294,Error
590251344,Error
691275111,Error
2123924837,Error
603030908,Error
690048163,Error
133137819,Error
610633120,Error
683541940,Error
609350367,Error
1539659341,Error
693339601,Error
131237331,Error
2124219867,Error
684507390,Error
2132116979,Error
132351545,Error
138118719,Error
658802218,Error
649571256,Error
624952941,Error
628786801,Error
696747659,Error
138184354,Error
651429531,Error
128222886,Error
598611569,Error
2124580523,Error
1539784993,Error
640517844,Error
121538266,Error
1535706866,Error
2121959160,Error
699467499,Error
638355211,Error
127207218,Error
1536329557,Error
600278870,Error
638617419,Error
2122286952,Error
623722813,Error
644614031,Error
629910512,Error
587990982,Error
690270773,Error
585948919,Error
689833946,Error
611354636,Error
698484787,Error
2121369652,Error
651200591,Error
687657523,Error
596904103,Error
2126228508,Error
592677033,Error
581077191,Error
655591636,Error
691747081,Error
684263675,Error
605274497,Error
13207809,Error
604571932,Error
636193062,Error
645859616,Error
137333042,Error
2134313306,Error
1532482447,Error
590186862,Error
627280269,Error
653429122,Error
699271579,Error
123111850,Error
121440700,Error
583586638,Error
126454214,Error
138742226,Error
618826218,Error
693307879,Error
696158701,Error
610732536,Error
623053307,Error
2123696654,Error
2131012697,Error
128027167,Error
697535014,Error
135989801,Error
2134497034,Error
590023230,Error
696224333,Error
1534822995,Error
691309180,Error
611093122,Error
626854534,Error
642484854,Error
649899126,Error
650545871,Error
626330325,Error
626166504,Error
653847674,Error
612756608,Error
590908158,Error
2126121740,Error
639830788,Error
681970464,Error
655821582,Error
648252206,Error
616492168,Error
699206518,Error
699894643,Error
592415624,Error
681374822,Error
691827634,Error
612338607,Error
611631603,Error
591432609,Error
629181361,Error
131763141,Error
629640149,Error
649890760,Error
609979369,Error
13077490,Error
630426618,Error
120851472,Error
580095026,Error
613190695,Error
135072845,Error
598183010,Error
2123685117,Error
125263305,Error
138218700,Error
654623267,Error
602508502,Error
2131168491,Error
601069842,Error
586454911,Error
133139737,Error
138605274,Error
121965866,Error
2133560656,Error
598019436,Error
129633623,Error
603852147,Error
606670205,Error
1532300690,Error
1534856584,Error
2133923741,Error
644156881,Error
586444033,Error
1530957349,Error
120163898,Error
606572120,Error
640618080,Error
607817307,Error
590763964,Error
688819836,Error
620990075,Error
127975413,Error
2132512426,Error
645686165,Error
631246497,Error
137006770,Error
629495758,Error
633048779,Error
627720833,Error
645861134,Error
581250350,Error
624135985,Error
647401296,Error
1380209,Error
2131234660,Error
1530695546,Error
1534300034,Error
602183659,Error
589205375,Error
681611153,Error
652551565,Error
659296200,Error
583385763,Error
123277272,Error
136122347,Error
647761920,Error
1532989463,Error
641556251,Error
1536475831,Error
617877575,Error
582959801,Error
637898870,Error
653749609,Error
659132545,Error
653299864,Error
659460258,Error
648581306,Error
659624133,Error
580817107,Error
1531580638,Error
126161143,Error
681405420,Error
2135494926,Error
632000793,Error
694948130,Error
619450668,Error
1530663230,Error
690275046,Error
132092282,Error
681709943,Error
126660711,Error
590713252,Error
632754597,Error
