Project_ID,status
1928462342.0,Error
1930777946.0,Error
1019543582.0,Error
1997340708.0,Error
1027833950.0,Error
1049854048.0,Error
1045768923.0,Error
1935585166.0,Error
1046806652.0,Error
1018724477.0,Error
1922957446.0,Error
1986855053.0,Error
1006567596.0,Error
1994738537.0,Error
1997051733.0,Error
1993130016.0,Error
1914994893.0,Error
1009221859.0,Error
1900347631.0,Error
1065588094.0,Error
1996087177.0,Error
1911335640.0,Error
1005715738.0,Error
1920008501.0,Error
1998061884.0,Error
1987215720.0,Error
1038942573.0,Error
1054867824.0,Error
1926824308.0,Error
1038942601.0,Error
1059914132.0,Error
1064616004.0,Error
1068827038.0,Error
1921974690.0,Error
1066074536.0,Error
1999279518.0,Error
1068302812.0,Error
1967030766.0,Error
1024262699.0,Error
1065532110.0,Error
1939669564.0,Error
1909523007.0,Error
1971716682.0,Error
1929118288.0,Error
1972175442.0,Error
1994512689.0,Error
1920811120.0,Error
1971628828.0,Error
1978991275.0,Error
1058603693.0,Error
1979001646.0,Error
1920166705.0,Error
1035567917.0,Error
1016300339.0,Error
1904716597.0,Error
1008108430.0,Error
1996981145.0,Error
1923384221.0,Error
1903428536.0,Error
1955890107.0,Error
1007813578.0,Error
1024033763.0,Error
1057817595.0,Error
1997597525.0,Error
1914373133.0,Error
1945175054.0,Error
1995998244.0,Error
1978958911.0,Error
1015940161.0,Error
1917420624.0,Error
1922270289.0,Error
1931543641.0,Error
1981601295.0,Error
1009058925.0,Error
1921156210.0,Error
1982465192.0,Error
1056243918.0,Error
1983382753.0,Error
1920107756.0,Error
1932690677.0,Error
1991715715.0,Error
1056212256.0,Error
1038943539.0,Error
1950549335.0,Error
1944126864.0,Error
1018037658.0,Error
1048151462.0,Error
1931380161.0,Error
1933246710.0,Error
1943143895.0,Error
1046808024.0,Error
1057850882.0,Error
1027147281.0,Error
1058735634.0,Error
1936516340.0,Error
1969716599.0,Error
1997892527.0,Error
1953760804.0,Error
1990231591.0,Error
1905231467.0,Error
1989084796.0,Error
1068795522.0,Error
1970088899.0,Error
1922401973.0,Error
1048381137.0,Error
1996719838.0,Error
1958570965.0,Error
1009813249.0,Error
1948059424.0,Error
1971914534.0,Error
1906276436.0,Error
1025214288.0,Error
1006765909.0,Error
1057827812.0,Error
1969883000.0,Error
1018660731.0,Error
1913358208.0,Error
1982846617.0,Error
1065093042.0,Error
1939539894.0,Error
1055721429.0,Error
1016933370.0,Error
1957412221.0,Error
1974269000.0,Error
1925122089.0,Error
1906018350.0,Error
1951318365.0,Error
1993836602.0,Error
1928431681.0,Error
1996195908.0,Error
1992349027.0,Error
1909524580.0,Error
1008961655.0,Error
1929513089.0,Error
1943505050.0,Error
1935181980.0,Error
1024592029.0,Error
1007356096.0,Error
1054312656.0,Error
1916824612.0,Error
1918863583.0,Error
1973389554.0,Error
1920305433.0,Error
1900611871.0,Error
1986267448.0,Error
1907580231.0,Error
1968794680.0,Error
1005422939.0,Error
1971227000.0,Error
1902980159.0,Error
1908541822.0,Error
1994721686.0,Error
1976273310.0,Error
1034520994.0,Error
1934985639.0,Error
1945602475.0,Error
1957506140.0,Error
1045170734.0,Error
1057917505.0,Error
1046022726.0,Error
1018038902.0,Error
1972308631.0,Error
1046706158.0,Error
1985823176.0,Error
1960250064.0,Error
1911753461.0,Error
1958185720.0,Error
1998916345.0,Error
1026100001.0,Error
1923943228.0,Error
1988487543.0,Error
1906950627.0,Error
1064110935.0,Error
1978469238.0,Error
1968609092.0,Error
1946081094.0,Error
1980042150.0,Error
1916627902.0,Error
1044351970.0,Error
1044941797.0,Error
1941670892.0,Error
1024494574.0,Error
1920529286.0,Error
1056279560.0,Error
1913850901.0,Error
1047596056.0,Error
1917062173.0,Error
1034128428.0,Error
1924729903.0,Error
1038879808.0,Error
1049267309.0,Error
1974635630.0,Error
1902218365.0,Error
1945570448.0,Error
1938394259.0,Error
1932201111.0,Error
1933315233.0,Error
1903627435.0,Error
1934953658.0,Error
1048775903.0,Error
1962511589.0,Error
1932233962.0,Error
1014205679.0,Error
1909656818.0,Error
1949109502.0,Error
1981943070.0,Error
1986235685.0,Error
1903758664.0,Error
1995148624.0,Error
1059818843.0,Error
1959330367.0,Error
1007390091.0,Error
1911590300.0,Error
1916538308.0,Error
1922844364.0,Error
1983548886.0,Error
1992166878.0,Error
1056771573.0,Error
1029475850.0,Error
1929842201.0,Error
1930399271.0,Error
1954450984.0,Error
1027313199.0,Error
1915719224.0,Error
1987546694.0,Error
1019645625.0,Error
1955204830.0,Error
1994985195.0,Error
1015025388.0,Error
1054668365.0,Error
1959333637.0,Error
1999146791.0,Error
1046581052.0,Error
1976799038.0,Error
1950584685.0,Error
1059655537.0,Error
1994133363.0,Error
1064144761.0,Error
1930661754.0,Error
1974243255.0,Error
1049071546.0,Error
1936939002.0,Error
1979617248.0,Error
1936691175.0,Error
1017384940.0,Error
1999147036.0,Error
1923649587.0,Error
1058353526.0,Error
1938985032.0,Error
1908215909.0,Error
1937572540.0,Error
1941770369.0,Error
1924632709.0,Error
1937059180.0,Error
1977159818.0,Error
1049432208.0,Error
1971589267.0,Error
1995997894.0,Error
1008111784.0,Error
1018237097.0,Error
1973223772.0,Error
1920700633.0,Error
1056533885.0,Error
1006866696.0,Error
1924075822.0,Error
1993347391.0,Error
1919881547.0,Error
1917147193.0,Error
1959596402.0,Error
1900253573.0,Error
1980789647.0,Error
1919954334.0,Error
1950060985.0,Error
1954779603.0,Error
1018571166.0,Error
1930401874.0,Error
1909854702.0,Error
1024561659.0,Error
1059394044.0,Error
1922896381.0,Error
1970409990.0,Error
1965487203.0,Error
1029050896.0,Error
1918865951.0,Error
1004889267.0,Error
1056608824.0,Error
1049236036.0,Error
1943802439.0,Error
1971327575.0,Error
1008374361.0,Error
1971294844.0,Error
1055756969.0,Error
1997887883.0,Error
1028461326.0,Error
1911919402.0,Error
1911813901.0,Error
1924961110.0,Error
1989677911.0,Error
1019548548.0,Error
1995629060.0,Error
1955173274.0,Error
1015354341.0,Error
1026528251.0,Error
1911886886.0,Error
1918716519.0,Error
1954247549.0,Error
1953076315.0,Error
1056630678.0,Error
1017729927.0,Error
1948062860.0,Error
1992987802.0,Error
1944397239.0,Error
1908198190.0,Error
1999460552.0,Error
1038587073.0,Error
1960625015.0,Error
1035375822.0,Error
1942459629.0,Error
1945605371.0,Error
1036064005.0,Error
1009947936.0,Error
1962480982.0,Error
1988597095.0,Error
1912182146.0,Error
1932596615.0,Error
1923650966.0,Error
1948849578.0,Error
1056150968.0,Error
1028003261.0,Error
1016862158.0,Error
1921298002.0,Error
1015780858.0,Error
1967592958.0,Error
1977521671.0,Error
1029969423.0,Error
1976702488.0,Error
1997542952.0,Error
1986877705.0,Error
1055299136.0,Error
1908731492.0,Error
1913329256.0,Error
1966949308.0,Error
1048647307.0,Error
1922340495.0,Error
1961957048.0,Error
1960466719.0,Error
1046353609.0,Error
1037899474.0,Error
1969016426.0,Error
1929728711.0,Error
1986828095.0,Error
1035289569.0,Error
1987769471.0,Error
1992103819.0,Error
1908212726.0,Error
1932078753.0,Error
1005000674.0,Error
1970608107.0,Error
1959494658.0,Error
1069881361.0,Error
1998231573.0,Error
1902417963.0,Error
1901205556.0,Error
1038032247.0,Error
1048352894.0,Error
1035606170.0,Error
1014012097.0,Error
1948522694.0,Error
1933187271.0,Error
1018665193.0,Error
1913395441.0,Error
1984764148.0,Error
1997936894.0,Error
1038358785.0,Error
1017223437.0,Error
1055725885.0,Error
1907530062.0,Error
1986795858.0,Error
1914313079.0,Error
1006377345.0,Error
1025841547.0,Error
1923160472.0,Error
1064966556.0,Error
1954879910.0,Error
1056053679.0,Error
1984403901.0,Error
1999673793.0,Error
1940429280.0,Error
1959707731.0,Error
1921587707.0,Error
1909266961.0,Error
1036425751.0,Error
1009031730.0,Error
1015028279.0,Error
1953307204.0,Error
1982995022.0,Error
1936267856.0,Error
1985649253.0,Error
1974180472.0,Error
1919758100.0,Error
1958293274.0,Error
1982978503.0,Error
1911495340.0,Error
1004968643.0,Error
1906744014.0,Error
1937054512.0,Error
1927584584.0,Error
1979358054.0,Error
1974366013.0,Error
1038621559.0,Error
1991908252.0,Error
1953930172.0,Error
1926879739.0,Error
1937578990.0,Error
1997872118.0,Error
1945312249.0,Error
1987320839.0,Error
1067326498.0,Error
1035541596.0,Error
1927060583.0,Error
1996561520.0,Error
1065360501.0,Error
1922014326.0,Error
1975846948.0,Error
1950850196.0,Error
1046617272.0,Error
1992950132.0,Error
1926634706.0,Error
1928469756.0,Error
1955437823.0,Error
1953406211.0,Error
1069817098.0,Error
1047338252.0,Error
1068670247.0,Error
1025056047.0,Error
1015391940.0,Error
1922899252.0,Error
1966939449.0,Error
1904221526.0,Error
1966480739.0,Error
1941773681.0,Error
1985224069.0,Error
1035279774.0,Error
1918803362.0,Error
1940102600.0,Error
1977949660.0,Error
1922888962.0,Error
1902452205.0,Error
1969562534.0,Error
1036099088.0,Error
1048813073.0,Error
1047043636.0,Error
1960091202.0,Error
1970609732.0,Error
1069194832.0,Error
1934630500.0,Error
1034559077.0,Error
1924570740.0,Error
1024171667.0,Error
1058578085.0,Error
1029611192.0,Error
1006957330.0,Error
1943412429.0,Error
1044225745.0,Error
1928666853.0,Error
1995480811.0,Error
1993972349.0,Error
1901238912.0,Error
1047895825.0,Error
1057413767.0,Error
1944395586.0,Error
1947967311.0,Error
1912610684.0,Error
1037868940.0,Error
1017028507.0,Error
1069948858.0,Error
1068900384.0,Error
1056055339.0,Error
1972445265.0,Error
1938694227.0,Error
1037901917.0,Error
1046192232.0,Error
1938116983.0,Error
1036853379.0,Error
1049501847.0,Error
1960878258.0,Error
1046749371.0,Error
1919361218.0,Error
1044940150.0,Error
1015357640.0,Error
1990539816.0,Error
1918141816.0,Error
1900421341.0,Error
1912021276.0,Error
1931288863.0,Error
1972707632.0,Error
1999806770.0,Error
1912414521.0,Error
1914216784.0,Error
1028464995.0,Error
1029120373.0,Error
1956979062.0,Error
1065492859.0,Error
1024598396.0,Error
1048191391.0,Error
1910645196.0,Error
1037181402.0,Error
1959141869.0,Error
1997873646.0,Error
1903501809.0,Error
1974120535.0,Error
1939317276.0,Error
1959404062.0,Error
1987899333.0,Error
1049440355.0,Error
1038295664.0,Error
1910523329.0,Error
1026957989.0,Error
1900585663.0,Error
1970090106.0,Error
1975395040.0,Error
1947247340.0,Error
1999971053.0,Error
1904091887.0,Error
1996661492.0,Error
1026302716.0,Error
1960551179.0,Error
1986404779.0,Error
1009809497.0,Error
1914679438.0,Error
1910317912.0,Error
1907499865.0,Error
1953309532.0,Error
1027744614.0,Error
1980965757.0,Error
1901405074.0,Error
1065690020.0,Error
1955898285.0,Error
1034757067.0,Error
1066705872.0,Error
1967268818.0,Error
1029088224.0,Error
1976345585.0,Error
1944855540.0,Error
1026040821.0,Error
1064117283.0,Error
1007988914.0,Error
1959076926.0,Error
1995678784.0,Error
1912900344.0,Error
1961174096.0,Error
1903993941.0,Error
1972708442.0,Error
1034560608.0,Error
1939154035.0,Error
1911006343.0,Error
1999827140.0,Error
1929932999.0,Error
1992107184.0,Error
1993197089.0,Error
1025844426.0,Error
1969235166.0,Error
1995252976.0,Error
1007494388.0,Error
1047930135.0,Error
1902093610.0,Error
1915528494.0,Error
1065657656.0,Error
1064543561.0,Error
1953738979.0,Error
1903882468.0,Error
1965172086.0,Error
1976870277.0,Error
1945445789.0,Error
1038853564.0,Error
1992631741.0,Error
1942103501.0,Error
1926014431.0,Error
1024763360.0,Error
1910285803.0,Error
1997645298.0,Error
1044686326.0,Error
1975461368.0,Error
1949872390.0,Error
1942726183.0,Error
1019881007.0,Error
1909794354.0,Error
1918150220.0,Error
1064773201.0,Error
1913431653.0,Error
1993877107.0,Error
1900258953.0,Error
1066542734.0,Error
1916085916.0,Error
1940268706.0,Error
1964680878.0,Error
1991026358.0,Error
1941218999.0,Error
1914939072.0,Error
1907664586.0,Error
1963239134.0,Error
1967859424.0,Error
1915004647.0,Error
1902782188.0,Error
1935320813.0,Error
1014310639.0,Error
1939941105.0,Error
1937778420.0,Error
1907566330.0,Error
1994204939.0,Error
1975854866.0,Error
1018111765.0,Error
1916970777.0,Error
1928800077.0,Error
1946330962.0,Error
1904125815.0,Error
1055398890.0,Error
1945839491.0,Error
1939679109.0,Error
1962747802.0,Error
1972381604.0,Error
1049339832.0,Error
1064118203.0,Error
1974806470.0,Error
1975134163.0,Error
1978443734.0,Error
1949738977.0,Error
1945413602.0,Error
1942792165.0,Error
1945479164.0,Error
1903503368.0,Error
1991288862.0,Error
1949640756.0,Error
1956948026.0,Error
1970415684.0,Error
1980461410.0,Error
1909762135.0,Error
1933682789.0,Error
1005889641.0,Error
1004808301.0,Error
1009297530.0,Error
1046292604.0,Error
1972676753.0,Error
1925523697.0,Error
1918740740.0,Error
1014638860.0,Error
1991026958.0,Error
1045244184.0,Error
1006938422.0,Error
1982671160.0,Error
1047243070.0,Error
1047832909.0,Error
1027942734.0,Error
1018767724.0,Error
1971043553.0,Error
1977395585.0,Error
1980574084.0,Error
1995778450.0,Error
1930045854.0,Error
1994697143.0,Error
1901898168.0,Error
1984768443.0,Error
1992010172.0,Error
1944640588.0,Error
1028270538.0,Error
1026730456.0,Error
1976347103.0,Error
1054131965.0,Error
1989487106.0,Error
1958554182.0,Error
1998891616.0,Error
1998891623.0,Error
1907632750.0,Error
1989421679.0,Error
1992403594.0,Error
1907174055.0,Error
1979493038.0,Error
1057270481.0,Error
1986833127.0,Error
1950165754.0,Error
1941646078.0,Error
1004317441.0,Error
1981590282.0,Error
1054681868.0,Error
1990117169.0,Error
1998400303.0,Error
1996794682.0,Error
1920248638.0,Error
1919724351.0,Error
1009789780.0,Error
1992633180.0,Error
1978444671.0,Error
1028795275.0,Error
1932831662.0,Error
1978936263.0,Error
1970088906.0,Error
1989321445.0,Error
1046260725.0,Error
1945873398.0,Error
1972204031.0,Error
1930659672.0,Error
1945181358.0,Error
1034234910.0,Error
1046817846.0,Error
1975037005.0,Error
1047309428.0,Error
1908747410.0,Error
1036856472.0,Error
1906846874.0,Error
1039117476.0,Error
1975299244.0,Error
1964223661.0,Error
1940204729.0,Error
1970023624.0,Error
1940192230.0,Error
1956064481.0,Error
1034056231.0,Error
1960652015.0,Error
1995844875.0,Error
1981820174.0,Error
1007607000.0,Error
1938108975.0,Error
1014836520.0,Error
1933978931.0,Error
1982672181.0,Error
1983196481.0,Error
1912024393.0,Error
1057795413.0,Error
1975415005.0,Error
1058024834.0,Error
1928998275.0,Error
1978969482.0,Error
1952329111.0,Error
1942793649.0,Error
1019973506.0,Error
1900359105.0,Error
1933389252.0,Error
1993682389.0,Error
1910327206.0,Error
1997876710.0,Error
1913138699.0,Error
1067265551.0,Error
1927097880.0,Error
1941745181.0,Error
1971760676.0,Error
1036660274.0,Error
1049451789.0,Error
1942302288.0,Error
1975594595.0,Error
1068314225.0,Error
1064513138.0,Error
1034727036.0,Error
1999416968.0,Error
1964813965.0,Error
1949478542.0,Error
1942510872.0,Error
1924345495.0,Error
1926016668.0,Error
1912385181.0,Error
1946758824.0,Error
1005596335.0,Error
1996205745.0,Error
1942826683.0,Error
1917464254.0,Error
1957506764.0,Error
1955933906.0,Error
1952755412.0,Error
1069756121.0,Error
1902779685.0,Error
1974808318.0,Error
1039413001.0,Error
1986998031.0,Error
1908748060.0,Error
1986866996.0,Error
1988472643.0,Error
1907633990.0,Error
1929097057.0,Error
1974284135.0,Error
1015459707.0,Error
1957010754.0,Error
1925492627.0,Error
1944815599.0,Error
1019031457.0,Error
1969696688.0,Error
1998294931.0,Error
1944924100.0,Error
1960095697.0,Error
1958653906.0,Error
1036103643.0,Error
1989324784.0,Error
1979723764.0,Error
1950232572.0,Error
1974251529.0,Error
1919004691.0,Error
1067790360.0,Error
1026338859.0,Error
1918152764.0,Error
1959047240.0,Error
1917104201.0,Error
1960685655.0,Error
1957660687.0,Error
1057271904.0,Error
1038332003.0,Error
1905078377.0,Error
1954361469.0,Error
1990865047.0,Error
1924018333.0,Error
1905569956.0,Error
1926017196.0,Error
1934683147.0,Error
1950167217.0,Error
1057829042.0,Error
1922183359.0,Error
1996834851.0,Error
1054683351.0,Error
1947250956.0,Error
1059893526.0,Error
1975824686.0,Error
1005400392.0,Error
1017524619.0,Error
1997320592.0,Error
1926574492.0,Error
1975857576.0,Error
1967960495.0,Error
1036857802.0,Error
1067790807.0,Error
1929195993.0,Error
1952395744.0,Error
1942106600.0,Error
1945416198.0,Error
1904128523.0,Error
1048392215.0,Error
1932964376.0,Error
1922970138.0,Error
1985349722.0,Error
1025290784.0,Error
1917137449.0,Error
1034367534.0,Error
1988473409.0,Error
1913991747.0,Error
1920884150.0,Error
1986114122.0,Error
1943155286.0,Error
1962717790.0,Error
1036137055.0,Error
1044230780.0,Error
1943655525.0,Error
1057272474.0,Error
1915531933.0,Error
1925329568.0,Error
1939944150.0,Error
1044722399.0,Error
1964857277.0,Error
1973727986.0,Error
1977922314.0,Error
1999418140.0,Error
1918186276.0,Error
1034203943.0,Error
1949965536.0,Error
1944367927.0,Error
1985819453.0,Error
1924450443.0,Error
1984443210.0,Error
1024799582.0,Error
1954329447.0,Error
1992930160.0,Error
1940697480.0,Error
1005925256.0,Error
1025323927.0,Error
1951216561.0,Error
1973674829.0,Error
1900622778.0,Error
1993192406.0,Error
1994213540.0,Error
1950168050.0,Error
1924051957.0,Error
1044165634.0,Error
1995939332.0,Error
1971172386.0,Error
1959626929.0,Error
1055175727.0,Error
1985885233.0,Error
1972777823.0,Error
1950561367.0,Error
1988703077.0,Error
1914254449.0,Error
1047344244.0,Error
1951216762.0,Error
1959048338.0,Error
1998909668.0,Error
1998369945.0,Error
1066218660.0,Error
1917629620.0,Error
1942380063.0,Error
1016968400.0,Error
1026864342.0,Error
1938109305.0,Error
1034368217.0,Error
1035613402.0,Error
1906178899.0,Error
1911600366.0,Error
1015362799.0,Error
1970540991.0,Error
1944368403.0,Error
1048884103.0,Error
1927099699.0,Error
1966960279.0,Error
1049452085.0,Error
1904555328.0,Error
1045214533.0,Error
1987458416.0,Error
1026045304.0,Error
1028470141.0,Error
1912386944.0,Error
1981592962.0,Error
1027913103.0,Error
1907144081.0,Error
1936504214.0,Error
1910846876.0,Error
1946989984.0,Error
1990505903.0,Error
1985099192.0,Error
1905702330.0,Error
1046295997.0,Error
1059403206.0,Error
1984017865.0,Error
1035810264.0,Error
1954231771.0,Error
1946334692.0,Error
1018142290.0,Error
1948562962.0,Error
1930245664.0,Error
1044736775.0,Error
1906488907.0,Error
1902360140.0,Error
1924079202.0,Error
1914484332.0,Error
1959573103.0,Error
1973106302.0,Error
1056355971.0,Error
1018181261.0,Error
1971205786.0,Error
1954330277.0,Error
1064711855.0,Error
1059370726.0,Error
1996830440.0,Error
1961539310.0,Error
1984837371.0,Error
1045214973.0,Error
1961276374.0,Error
1055733542.0,Error
1958033226.0,Error
1954068302.0,Error
1977530200.0,Error
1059600237.0,Error
1045706628.0,Error
1974876037.0,Error
1988869816.0,Error
1937596056.0,Error
1982035780.0,Error
1970091932.0,Error
1925527459.0,Error
1979070372.0,Error
1005926310.0,Error
1055733680.0,Error
1018476470.0,Error
1919891385.0,Error
1993586643.0,Error
1908476092.0,Error
1965897711.0,Error
1920251895.0,Error
1069365265.0,Error
1017297052.0,Error
1056225299.0,Error
1024604181.0,Error
1015887900.0,Error
1044723762.0,Error
1904023022.0,Error
1958590542.0,Error
1947514962.0,Error
1952233561.0,Error
1906817147.0,Error
1924380804.0,Error
1923430545.0,Error
1920219283.0,Error
1991587991.0,Error
1036825626.0,Error
1015036065.0,Error
1933030427.0,Error
1059961004.0,Error
1976514747.0,Error
1993488586.0,Error
1991160866.0,Error
1916647633.0,Error
1918039077.0,Error
1984248049.0,Error
1939851648.0,Error
1923561737.0,Error
1055111438.0,Error
1926543652.0,Error
1925101866.0,Error
1937062212.0,Error
1968486731.0,Error
1994570065.0,Error
1977432402.0,Error
1945876826.0,Error
1034238306.0,Error
1984886116.0,Error
1019066731.0,Error
1008417132.0,Error
1048918381.0,Error
1928149365.0,Error
1004353925.0,Error
1963772898.0,Error
1068317094.0,Error
1995344286.0,Error
1997327184.0,Error
1991555523.0,Error
1967438296.0,Error
1983181903.0,Error
1967962622.0,Error
1977432577.0,Error
1039972904.0,Error
1993252615.0,Error
1936701998.0,Error
1905310269.0,Error
1942829636.0,Error
1971632713.0,Error
1049934426.0,Error
1987721819.0,Error
1017428577.0,Error
1996816541.0,Error
1907669623.0,Error
1947613816.0,Error
1945451136.0,Error
1925167779.0,Error
1921301159.0,Error
1931058498.0,Error
1961015989.0,Error
1933589186.0,Error
1039448814.0,Error
1961704188.0,Error
1937390339.0,Error
1918974727.0,Error
1029520148.0,Error
1919105815.0,Error
1972160986.0,Error
1924447008.0,Error
1924971312.0,Error
1018968897.0,Error
1949622076.0,Error
1967438700.0,Error
1962228599.0,Error
1976351613.0,Error
1989440260.0,Error
1920809869.0,Error
1926151064.0,Error
1940011936.0,Error
1008548792.0,Error
1979845108.0,Error
1059896279.0,Error
1966914522.0,Error
1903999964.0,Error
1981955037.0,Error
1901411301.0,Error
1952249004.0,Error
1928117285.0,Error
1900461100.0,Error
1045066931.0,Error
1946958901.0,Error
1015887028.0,Error
1962456246.0,Error
1036336211.0,Error
1943354458.0,Error
1919532126.0,Error
1992080486.0,Error
1983265896.0,Error
1911700598.0,Error
1919761543.0,Error
1982905483.0,Error
1943936877.0,Error
1998371988.0,Error
1931394230.0,Error
1017298128.0,Error
1947024607.0,Error
1913404677.0,Error
1975860487.0,Error
1028472079.0,Error
1974187224.0,Error
1952267546.0,Error
1025326368.0,Error
1953316131.0,Error
1948171562.0,Error
1961090953.0,Error
1986273162.0,Error
1910291776.0,Error
1927265614.0,Error
1950203220.0,Error
1975369046.0,Error
1005862247.0,Error
1962753390.0,Error
1902460273.0,Error
1045740933.0,Error
1907145844.0,Error
1972199319.0,Error
1057832338.0,Error
1038957973.0,Error
1004846489.0,Error
1911274915.0,Error
1904000439.0,Error
1907695519.0,Error
1946729917.0,Error
1941338061.0,Error
1024769492.0,Error
1962360297.0,Error
1981595135.0,Error
1920155144.0,Error
1997847690.0,Error
1936506397.0,Error
1968193061.0,Error
1917206082.0,Error
1066417732.0,Error
1059929671.0,Error
1044823625.0,Error
1045995450.0,Error
1992081000.0,Error
1983725170.0,Error
1007337083.0,Error
1006946922.0,Error
1968520831.0,Error
1960883478.0,Error
1931820694.0,Error
1979501170.0,Error
1044832191.0,Error
1996144312.0,Error
1996832448.0,Error
1919205063.0,Error
1925898188.0,Error
1965080292.0,Error
1037352677.0,Error
1995063032.0,Error
1952235282.0,Error
1919762201.0,Error
1967439682.0,Error
1928642390.0,Error
1068285784.0,Error
1048362865.0,Error
1937031028.0,Error
1951711094.0,Error
1945452407.0,Error
1913110401.0,Error
1989418987.0,Error
1910819478.0,Error
1933885319.0,Error
1034242712.0,Error
1057275797.0,Error
1956888507.0,Error
1057839392.0,Error
1038401508.0,Error
1055716692.0,Error
1994178569.0,Error
1998372893.0,Error
1069301793.0,Error
1994145841.0,Error
1902526522.0,Error
1065173055.0,Error
1015365700.0,Error
1977436854.0,Error
1974812745.0,Error
1939161164.0,Error
1998897230.0,Error
1029980241.0,Error
1946501206.0,Error
1981433840.0,Error
1932402706.0,Error
1057210480.0,Error
1906622585.0,Error
1059927444.0,Error
1942784706.0,Error
1065828509.0,Error
1909538987.0,Error
1945977009.0,Error
1914650843.0,Error
1036828921.0,Error
1937555707.0,Error
1007993089.0,Error
1980317959.0,Error
1028440340.0,Error
1017987349.0,Error
1959837993.0,Error
1017463092.0,Error
1962560224.0,Error
1917728139.0,Error
1962164571.0,Error
1916256622.0,Error
1945452913.0,Error
1054032250.0,Error
1912914307.0,Error
1943401259.0,Error
1909765154.0,Error
1982652486.0,Error
1942471085.0,Error
1066292148.0,Error
1916715453.0,Error
1967236067.0,Error
1995257248.0,Error
1983105789.0,Error
1054753275.0,Error
1943847442.0,Error
1028997654.0,Error
1025360411.0,Error
1038926365.0,Error
1947615776.0,Error
1959608870.0,Error
1985823271.0,Error
1015988806.0,Error
1919861326.0,Error
1065173583.0,Error
1928675936.0,Error
1942798969.0,Error
1987166850.0,Error
1969760949.0,Error
1047347872.0,Error
1955545832.0,Error
1957508563.0,Error
1929724662.0,Error
1977434874.0,Error
1018770901.0,Error
1027425030.0,Error
1037910792.0,Error
1049445142.0,Error
1998903871.0,Error
1955414814.0,Error
1025852212.0,Error
1009566520.0,Error
1901413177.0,Error
1961473503.0,Error
1949387918.0,Error
1989675829.0,Error
1912426413.0,Error
1970979672.0,Error
1964832228.0,Error
1927299946.0,Error
1058194312.0,Error
1934934931.0,Error
1908196244.0,Error
1017979035.0,Error
1066582949.0,Error
1911899047.0,Error
1917633448.0,Error
1018479538.0,Error
1940239859.0,Error
1917109203.0,Error
1949746142.0,Error
1957754364.0,Error
1908542291.0,Error
1957413916.0,Error
1962132515.0,Error
1975436329.0,Error
1948173362.0,Error
1993131059.0,Error
1952695349.0,Error
1920812090.0,Error
1961346107.0,Error
1019003966.0,Error
1024246847.0,Error
1933558854.0,Error
1956136017.0,Error
1962287289.0,Error
1035813986.0,Error
1906066041.0,Error
1019528310.0,Error
1018053755.0,Error
1014776957.0,Error
1986872451.0,Error
1944372357.0,Error
1049969814.0,Error
1945617569.0,Error
1017984540.0,Error
1977140394.0,Error
1952236721.0,Error
1054229684.0,Error
1969243319.0,Error
1944601785.0,Error
1925858258.0,Error
1008873636.0,Error
1055900895.0,Error
1944929510.0,Error
1019495661.0,Error
1925927001.0,Error
1921862527.0,Error
1947518208.0,Error
1966425352.0,Error
1910293777.0,Error
1918354710.0,Error
1990083889.0,Error
1940218079.0,Error
1982690869.0,Error
1908753728.0,Error
1017464144.0,Error
1920189786.0,Error
1006519656.0,Error
1927595370.0,Error
1045284207.0,Error
1987233144.0,Error
1909858539.0,Error
1069335952.0,Error
1912915346.0,Error
1919279342.0,Error
1913963936.0,Error
1950664098.0,Error
1923958179.0,Error
1981400488.0,Error
1938638252.0,Error
1017169328.0,Error
1046791608.0,Error
1015793083.0,Error
1924767994.0,Error
1977826611.0,Error
1945978351.0,Error
1028998661.0,Error
1996310025.0,Error
1939654173.0,Error
1945519680.0,Error
1942832718.0,Error
1938081369.0,Error
1996310112.0,Error
1937032802.0,Error
1901879569.0,Error
1049544313.0,Error
1999160977.0,Error
1941227173.0,Error
1946961579.0,Error
1955378802.0,Error
1915537070.0,Error
1936541368.0,Error
1983357215.0,Error
1998374593.0,Error
1930413763.0,Error
1960097403.0,Error
1970849509.0,Error
1947252348.0,Error
1067534067.0,Error
1037879037.0,Error
1945421570.0,Error
1019037448.0,Error
1024018188.0,Error
1944930075.0,Error
1908721459.0,Error
1981040440.0,Error
1991264083.0,Error
1972160350.0,Error
1961181435.0,Error
1014876025.0,Error
1936705406.0,Error
1958791059.0,Error
1960658838.0,Error
1027032995.0,Error
1912948654.0,Error
1983727559.0,Error
1983104979.0,Error
1005373425.0,Error
1958004767.0,Error
1045219370.0,Error
1933363254.0,Error
1905379391.0,Error
1944957162.0,Error
1036339289.0,Error
1955088480.0,Error
1029523558.0,Error
1952273662.0,Error
1027900794.0,Error
1963772034.0,Error
1964296330.0,Error
1991745902.0,Error
1967966367.0,Error
1907837116.0,Error
1955931023.0,Error
1958004938.0,Error
1047316686.0,Error
1964761045.0,Error
1055181022.0,Error
1007536352.0,Error
1014876408.0,Error
1035290883.0,Error
1998375201.0,Error
1916619056.0,Error
1987922229.0,Error
1952762166.0,Error
1950304599.0,Error
1937099110.0,Error
1919338858.0,Error
1970930699.0,Error
1018120566.0,Error
1038928256.0,Error
1966360997.0,Error
1948515966.0,Error
1947034016.0,Error
1917667786.0,Error
1910852058.0,Error
1014315497.0,Error
1973209582.0,Error
1054657017.0,Error
1934936574.0,Error
1946651733.0,Error
1924975110.0,Error
1054001675.0,Error
1972685339.0,Error
1007995439.0,Error
1069337150.0,Error
1976181174.0,Error
1916291661.0,Error
1995765910.0,Error
1915898456.0,Error
1948043874.0,Error
1932872297.0,Error
1044957815.0,Error
1904724613.0,Error
1989462664.0,Error
1049184905.0,Error
1925499170.0,Error
1057245871.0,Error
1977928411.0,Error
1005800160.0,Error
1936083709.0,Error
1978714886.0,Error
1065700104.0,Error
1069927188.0,Error
1044728606.0,Error
1990511401.0,Error
1984220296.0,Error
1910819649.0,Error
1049676614.0,Error
1069796177.0,Error
1949125462.0,Error
1978524136.0,Error
1975339924.0,Error
1906101144.0,Error
1955395396.0,Error
1938115491.0,Error
1983193586.0,Error
1962658736.0,Error
1037847499.0,Error
1028475856.0,Error
1034210261.0,Error
1968491486.0,Error
1028443106.0,Error
1951484905.0,Error
1057803246.0,Error
1973734392.0,Error
1993034745.0,Error
1982134105.0,Error
1954335770.0,Error
1996803119.0,Error
1983559462.0,Error
1036831797.0,Error
1918684214.0,Error
1069872991.0,Error
1974024036.0,Error
1946121083.0,Error
1990806661.0,Error
1046793353.0,Error
1904364687.0,Error
1971965082.0,Error
1917816007.0,Error
1944374469.0,Error
1992608967.0,Error
1913441491.0,Error
1006030031.0,Error
1005636833.0,Error
1064062178.0,Error
1975340265.0,Error
1039650002.0,Error
1975025740.0,Error
1947815153.0,Error
1910169015.0,Error
1037913301.0,Error
1049349387.0,Error
1983204629.0,Error
1950141729.0,Error
1948568866.0,Error
1943686462.0,Error
1945423167.0,Error
1955712320.0,Error
1017924930.0,Error
1059933508.0,Error
1947542359.0,Error
1068977493.0,Error
1048399191.0,Error
1964854617.0,Error
1944827793.0,Error
1944931688.0,Error
1960658625.0,Error
1994209174.0,Error
1929399725.0,Error
1948044720.0,Error
1065668057.0,Error
1918684647.0,Error
1986347314.0,Error
1905053177.0,Error
1006456319.0,Error
1911574042.0,Error
1900400159.0,Error
1958972635.0,Error
1019039281.0,Error
1940739949.0,Error
1933718841.0,Error
1028574828.0,Error
1045220974.0,Error
1974297194.0,Error
1018515072.0,Error
1035980418.0,Error
1999064707.0,Error
1937690258.0,Error
1986988744.0,Error
1992609436.0,Error
1049415333.0,Error
1908461239.0,Error
1923894983.0,Error
1035947721.0,Error
1959612107.0,Error
1036853880.0,Error
1900001234.0,Error
1931267838.0,Error
1016942335.0,Error
1065661102.0,Error
1972784942.0,Error
1007537970.0,Error
1045614402.0,Error
1916587860.0,Error
1948045143.0,Error
1984909146.0,Error
1970629552.0,Error
1967607689.0,Error
1066749250.0,Error
1024729753.0,Error
1931169691.0,Error
1913409455.0,Error
1902068443.0,Error
1954041802.0,Error
1039749070.0,Error
1992118230.0,Error
1962260473.0,Error
1990549515.0,Error
1975340367.0,Error
1941220373.0,Error
1953812446.0,Error
1939427302.0,Error
1948569580.0,Error
1931687933.0,Error
1017958398.0,Error
1019695103.0,Error
1942835202.0,Error
1956990981.0,Error
1919438167.0,Error
1931922778.0,Error
1980987404.0,Error
1978453350.0,Error
1956794485.0,Error
1929728122.0,Error
1998246026.0,Error
1005998229.0,Error
1987924127.0,Error
1019531427.0,Error
1911083180.0,Error
1910722734.0,Error
1065144499.0,Error
1069895866.0,Error
1982681302.0,Error
1981108464.0,Error
1940181237.0,Error
1983959308.0,Error
1986875672.0,Error
1972691677.0,Error
1954450825.0,Error
1954730302.0,Error
1044205906.0,Error
1918718306.0,Error
1018712423.0,Error
1927532908.0,Error
1938084212.0,Error
1902638028.0,Error
1973735825.0,Error
1019929328.0,Error
1931825571.0,Error
1941590437.0,Error
1963282867.0,Error
1057050014.0,Error
1902956992.0,Error
1998507427.0,Error
1953987703.0,Error
1005383742.0,Error
1970917859.0,Error
1064620519.0,Error
1054855667.0,Error
1967732820.0,Error
1914229249.0,Error
1996280349.0,Error
1971114532.0,Error
1019630140.0,Error
1959726517.0,Error
1952797248.0,Error
1984746051.0,Error
1992348238.0,Error
1064651230.0,Error
1986843225.0,Error
1969038096.0,Error
1057215077.0,Error
1069077099.0,Error
1901941362.0,Error
1017959030.0,Error
1029493393.0,Error
1008554654.0,Error
1931825825.0,Error
1044206242.0,Error
1922912946.0,Error
1054692022.0,Error
1954337470.0,Error
1992118978.0,Error
1976880590.0,Error
1009339859.0,Error
1967411970.0,Error
1049383696.0,Error
1956467477.0,Error
1913705255.0,Error
1979331393.0,Error
1992527328.0,Error
1987910949.0,Error
1910166347.0,Error
1970076733.0,Error
1067996023.0,Error
1908757369.0,Error
1920258940.0,Error
1969017732.0,Error
1961677710.0,Error
1934938769.0,Error
1027953561.0,Error
1029493666.0,Error
1019335623.0,Error
1038829523.0,Error
1983730635.0,Error
1969804239.0,Error
1966658546.0,Error
1901417467.0,Error
1980267589.0,Error
1029526532.0,Error
1935725586.0,Error
1923922094.0,Error
1067308064.0,Error
1987395943.0,Error
1957811247.0,Error
1944560480.0,Error
1009472602.0,Error
1017468002.0,Error
1940211117.0,Error
1913050235.0,Error
1955779718.0,Error
1950733488.0,Error
1998108663.0,Error
1917107531.0,Error
1934380578.0,Error
1069758669.0,Error
1915016423.0,Error
1904268537.0,Error
1926286891.0,Error
1069864196.0,Error
1947530423.0,Error
1989760287.0,Error
1912919329.0,Error
1973081419.0,Error
1955812691.0,Error
1912391672.0,Error
1979536726.0,Error
1912296794.0,Error
1963808094.0,Error
1977273541.0,Error
1967674758.0,Error
1915573645.0,Error
1965151647.0,Error
1046304162.0,Error
1921406381.0,Error
1959613900.0,Error
1914492382.0,Error
1991588095.0,Error
1966822957.0,Error
1047352898.0,Error
1064643626.0,Error
1999485198.0,Error
1940969049.0,Error
1955023224.0,Error
1942836863.0,Error
1064455788.0,Error
1952241303.0,Error
1017435807.0,Error
1976293034.0,Error
1909446320.0,Error
1937061044.0,Error
1927501511.0,Error
1911707350.0,Error
1935043680.0,Error
1930909439.0,Error
1920816906.0,Error
1971140312.0,Error
1997846812.0,Error
1943426846.0,Error
1970624300.0,Error
1939667254.0,Error
1973770061.0,Error
1928648526.0,Error
1994883032.0,Error
1944904678.0,Error
1055740850.0,Error
1960662926.0,Error
1971053552.0,Error
1951225788.0,Error
1068283648.0,Error
1937040374.0,Error
1951753207.0,Error
1951782868.0,Error
1975342101.0,Error
1957091320.0,Error
1982355460.0,Error
1055100588.0,Error
1909938189.0,Error
1997883919.0,Error
1945294878.0,Error
1998608415.0,Error
1970395173.0,Error
1990845450.0,Error
1912494154.0,Error
1965237309.0,Error
1069731583.0,Error
1984714890.0,Error
1016387751.0,Error
1036409012.0,Error
1038276790.0,Error
1985304286.0,Error
1988221124.0,Error
1039816914.0,Error
1933039831.0,Error
1953323227.0,Error
1068961491.0,Error
1931008280.0,Error
1008621854.0,Error
1959975200.0,Error
1054660900.0,Error
1949131832.0,Error
1902175296.0,Error
1992520130.0,Error
1027955118.0,Error
1919831797.0,Error
1911839183.0,Error
1963767270.0,Error
1918717689.0,Error
1967957071.0,Error
1992776169.0,Error
1993736936.0,Error
1990708997.0,Error
1963645506.0,Error
1015437901.0,Error
1953782375.0,Error
1015339630.0,Error
1951218110.0,Error
1025287273.0,Error
1943835614.0,Error
1932843656.0,Error
1974711462.0,Error
1970199196.0,Error
1992841894.0,Error
1953684169.0,Error
1994186599.0,Error
1017305862.0,Error
1024240211.0,Error
1944902441.0,Error
1901995143.0,Error
1038637873.0,Error
1989977617.0,Error
1064265976.0,Error
1965710157.0,Error
1029233492.0,Error
1982126934.0,Error
1997939855.0,Error
1901878179.0,Error
1058495398.0,Error
1965783537.0,Error
1039424442.0,Error
1989993635.0,Error
1928256505.0,Error
1935137836.0,Error
1936251980.0,Error
1034673230.0,Error
1038989839.0,Error
1993399396.0,Error
1965280453.0,Error
1970627776.0,Error
1984519308.0,Error
1025891484.0,Error
1981083897.0,Error
1034378419.0,Error
1948769467.0,Error
1992055997.0,Error
1985282047.0,Error
1902762513.0,Error
1961689056.0,Error
1933728985.0,Error
1988680924.0,Error
1917672676.0,Error
1956239891.0,Error
1919114517.0,Error
1005247768.0,Error
1936448830.0,Error
1978981696.0,Error
1035296074.0,Error
1049058640.0,Error
1016552789.0,Error
1995234654.0,Error
1950178679.0,Error
1939913281.0,Error
1960566156.0,Error
1957526083.0,Error
1960533410.0,Error
1009868211.0,Error
1956437428.0,Error
1903484355.0,Error
1997495753.0,Error
1933041106.0,Error
1018289640.0,Error
1044340213.0,Error
1902697981.0,Error
1962204698.0,Error
1949359657.0,Error
1945460279.0,Error
1952505407.0,Error
1935975693.0,Error
1983929936.0,Error
1948081755.0,Error
1925275229.0,Error
1994448504.0,Error
1954897550.0,Error
1922457246.0,Error
1016935126.0,Error
1980586291.0,Error
1919209424.0,Error
1964336423.0,Error
1973214978.0,Error
1925537546.0,Error
1978294033.0,Error
1985273618.0,Error
1005397520.0,Error
1036292057.0,Error
1045782332.0,Error
1069866826.0,Error
1911021387.0,Error
1925537625.0,Error
1926553440.0,Error
1904041833.0,Error
1927077747.0,Error
1960632185.0,Error
1907187578.0,Error
1019043720.0,Error
1927339915.0,Error
1913376752.0,Error
1049419694.0,Error
1924980674.0,Error
1024286668.0,Error
1945818531.0,Error
1917663908.0,Error
1995235299.0,Error
1019240423.0,Error
1941790696.0,Error
1015144447.0,Error
1903484930.0,Error
1971150861.0,Error
1927471142.0,Error
1054138428.0,Error
1911873598.0,Error
1994842180.0,Error
1955553350.0,Error
1934942282.0,Error
1064656974.0,Error
1995792463.0,Error
1917149302.0,Error
1004167304.0,Error
1034018955.0,Error
1960632472.0,Error
1067770009.0,Error
1959600602.0,Error
1018486946.0,Error
1977770151.0,Error
1929732265.0,Error
1979506879.0,Error
1968529621.0,Error
1025302744.0,Error
1948082396.0,Error
1015111904.0,Error
1946542311.0,Error
1918689517.0,Error
1990965971.0,Error
1959452961.0,Error
1996841266.0,Error
1026908474.0,Error
1958175036.0,Error
1916428616.0,Error
1980686678.0,Error
1906762072.0,Error
1986322789.0,Error
1014458284.0,Error
1980555645.0,Error
1954898321.0,Error
1954668946.0,Error
1902469530.0,Error
1913020837.0,Error
1945550129.0,Error
1972724147.0,Error
1923441091.0,Error
1949098437.0,Error
1934408439.0,Error
1908204005.0,Error
1917149675.0,Error
1038488247.0,Error
1048928784.0,Error
1007968792.0,Error
1046077994.0,Error
1946378799.0,Error
1049158199.0,Error
1057138103.0,Error
1036837456.0,Error
1923316177.0,Error
1059742302.0,Error
1922556520.0,Error
1913447022.0,Error
1928651400.0,Error
1997383109.0,Error
1034248881.0,Error
1947001525.0,Error
1028973254.0,Error
1915970265.0,Error
1973838557.0,Error
1960016677.0,Error
1907831955.0,Error
1025270510.0,Error
1058398961.0,Error
1015341816.0,Error
1974002431.0,Error
1961933612.0,Error
1975018252.0,Error
1034543887.0,Error
1908734539.0,Error
1034314515.0,Error
1055220510.0,Error
1918198560.0,Error
1982554937.0,Error
1056367423.0,Error
1054931033.0,Error
1907680103.0,Error
1978465086.0,Error
1993073531.0,Error
1948050311.0,Error
1987502993.0,Error
1932387238.0,Error
1990222760.0,Error
1914495938.0,Error
1057743817.0,Error
1962730451.0,Error
1028908003.0,Error
1940819008.0,Error
1068016425.0,Error
1952769020.0,Error
1045222719.0,Error
1057678357.0,Error
1044735004.0,Error
1964139556.0,Error
1035789367.0,Error
1055744488.0,Error
1956996176.0,Error
1016189114.0,Error
1929700457.0,Error
1034222439.0,Error
1056760940.0,Error
1924260990.0,Error
1965712519.0,Error
1906533512.0,Error
1008034954.0,Error
1973314716.0,Error
1009083559.0,Error
1937065527.0,Error
1007510708.0,Error
1036313787.0,Error
1914004673.0,Error
1920296135.0,Error
1045587154.0,Error
1943299326.0,Error
1035068673.0,Error
1984745686.0,Error
1912136967.0,Error
1964565771.0,Error
1058432270.0,Error
1942086931.0,Error
1936543962.0,Error
1965762098.0,Error
1015375165.0,Error
1055679812.0,Error
1964898030.0,Error
1968006474.0,Error
1019045206.0,Error
1904043368.0,Error
1922949874.0,Error
1941431675.0,Error
1049781654.0,Error
1994731753.0,Error
1900176816.0,Error
1976034744.0,Error
1917674941.0,Error
1983178178.0,Error
1913087429.0,Error
1950361164.0,Error
1953293774.0,Error
1066891486.0,Error
1930749400.0,Error
1940055534.0,Error
1969055224.0,Error
1908663802.0,Error
1014294013.0,Error
1922885205.0,Error
1955423760.0,Error
1916454235.0,Error
1943333564.0,Error
1927510717.0,Error
1911876208.0,Error
1958527168.0,Error
1911611773.0,Error
1057055169.0,Error
1993925067.0,Error
1992737286.0,Error
1912488025.0,Error
1992122926.0,Error
1929011772.0,Error
1987887697.0,Error
1934058120.0,Error
1969054351.0,Error
1066295960.0,Error
1969553152.0,Error
1909411985.0,Error
1996849312.0,Error
1950671901.0,Error
1006462050.0,Error
1922360502.0,Error
1997841700.0,Error
1956496727.0,Error
1015180373.0,Error
1997535738.0,Error
1933370924.0,Error
1996457569.0,Error
1918199401.0,Error
1027063707.0,Error
1004856971.0,Error
1943856807.0,Error
1931257521.0,Error
1977247419.0,Error
1935189722.0,Error
1947453168.0,Error
1901520648.0,Error
1940356058.0,Error
1915021105.0,Error
1950656313.0,Error
1054140240.0,Error
1904568165.0,Error
1044612978.0,Error
1955424150.0,Error
1916069788.0,Error
1024255915.0,Error
1999851848.0,Error
1946216374.0,Error
1962731466.0,Error
1009575883.0,Error
1026910156.0,Error
1056761807.0,Error
1049880541.0,Error
1958504419.0,Error
1985636333.0,Error
1904437233.0,Error
1942841334.0,Error
1995533311.0,Error
1938614274.0,Error
1047357453.0,Error
1920493588.0,Error
1019701274.0,Error
1067313182.0,Error
1993382127.0,Error
1979377724.0,Error
1992092682.0,Error
1995056821.0,Error
1933109344.0,Error
1038608482.0,Error
1969203301.0,Error
1902913638.0,Error
1956997239.0,Error
1981597826.0,Error
1970858139.0,Error
1986324636.0,Error
1995565218.0,Error
1924589732.0,Error
1044179109.0,Error
1983730194.0,Error
1950148791.0,Error
1930160323.0,Error
1998334149.0,Error
1049422024.0,Error
1038936280.0,Error
1955367129.0,Error
1931962591.0,Error
1057515774.0,Error
1959840811.0,Error
1923967237.0,Error
1973823752.0,Error
1922885905.0,Error
1996941587.0,Error
1985194298.0,Error
1948576068.0,Error
1045784902.0,Error
1931798864.0,Error
1971841383.0,Error
1045784937.0,Error
1978180947.0,Error
1958537613.0,Error
1945987479.0,Error
1978329497.0,Error
1996286365.0,Error
1026419106.0,Error
1991584172.0,Error
1941268910.0,Error
1941580227.0,Error
1910237650.0,Error
1904808356.0,Error
1057573340.0,Error
1917151710.0,Error
1945954795.0,Error
1933101548.0,Error
1901128178.0,Error
1914595834.0,Error
1975610016.0,Error
1038936624.0,Error
1993140795.0,Error
1985571392.0,Error
1902930504.0,Error
1045916240.0,Error
1969881033.0,Error
1928129147.0,Error
1924491900.0,Error
1046948483.0,Error
1916070532.0,Error
1035659909.0,Error
1974790805.0,Error
1945430682.0,Error
1908730528.0,Error
1961503394.0,Error
1915144889.0,Error
1038433399.0,Error
1959602899.0,Error
1959225128.0,Error
1956997875.0,Error
1035266809.0,Error
1961716482.0,Error
1915048407.0,Error
1947560719.0,Error
1913940789.0,Error
1959619396.0,Error
1926720354.0,Error
1981606761.0,Error
1955425132.0,Error
1990290328.0,Error
1957522344.0,Error
1969056684.0,Error
1932782519.0,Error
1991437250.0,Error
1987537864.0,Error
1967258788.0,Error
1992485873.0,Error
1966061396.0,Error
1918692346.0,Error
1044179967.0,Error
1992349877.0,Error
1017998338.0,Error
1956998171.0,Error
1937304614.0,Error
1973218364.0,Error
1056271423.0,Error
1974784529.0,Error
1975348335.0,Error
1938754685.0,Error
1993260224.0,Error
1970590230.0,Error
1936551067.0,Error
1045749249.0,Error
1969761448.0,Error
1947028650.0,Error
1028975824.0,Error
1942316923.0,Error
1044999438.0,Error
1936624912.0,Error
1954475297.0,Error
1056959780.0,Error
1034448170.0,Error
1923124526.0,Error
1028844872.0,Error
1017015636.0,Error
1979837784.0,Error
1019374939.0,Error
1977642343.0,Error
1970630021.0,Error
1907682696.0,Error
1038511503.0,Error
1044442515.0,Error
1927179682.0,Error
1915186608.0,Error
1986555331.0,Error
1934126532.0,Error
1923409827.0,Error
1930882531.0,Error
1992916230.0,Error
1915251190.0,Error
1998909001.0,Error
1905421931.0,Error
1934093946.0,Error
1971122796.0,Error
1904725661.0,Error
1037364910.0,Error
1956441781.0,Error
1952149177.0,Error
1028728783.0,Error
1044672226.0,Error
1903881969.0,Error
1923436302.0,Error
1058795287.0,Error
1911877400.0,Error
1961881370.0,Error
1938616091.0,Error
1994650875.0,Error
1965123547.0,Error
1949093692.0,Error
1909256013.0,Error
1066200917.0,Error
1940189019.0,Error
1939140446.0,Error
1054699365.0,Error
1044871143.0,Error
1903488876.0,Error
1008693101.0,Error
1059385200.0,Error
1950076802.0,Error
1981902738.0,Error
1912926100.0,Error
1976381338.0,Error
1986867099.0,Error
1944285084.0,Error
1967443871.0,Error
1948029598.0,Error
1994190776.0,Error
1927835600.0,Error
1945956310.0,Error
1950871419.0,Error
1047310324.0,Error
1966326445.0,Error
1978447882.0,Error
1974792269.0,Error
1950150789.0,Error
1017475213.0,Error
1952802841.0,Error
1945563299.0,Error
1924493477.0,Error
1054666937.0,Error
1914663099.0,Error
1969875093.0,Error
1960210642.0,Error
1954279135.0,Error
1931538661.0,Error
1978200362.0,Error
1913254205.0,Error
1945981258.0,Error
1994969420.0,Error
1981608274.0,Error
1907683694.0,Error
1038774649.0,Error
1951224193.0,Error
1928655242.0,Error
1054470624.0,Error
1037038051.0,Error
1058861568.0,Error
1950577162.0,Error
1996837388.0,Error
1992135428.0,Error
1974104611.0,Error
1941333870.0,Error
1065153074.0,Error
1907683891.0,Error
1908109880.0,Error
1912230463.0,Error
1980551760.0,Error
1946997342.0,Error
1955263075.0,Error
1035170406.0,Error
1921318728.0,Error
1941926537.0,Error
1939108502.0,Error
1035334296.0,Error
1993650842.0,Error
1912389467.0,Error
1928950451.0,Error
1923814095.0,Error
1928131290.0,Error
1973763536.0,Error
1009316604.0,Error
1900344061.0,Error
1966691111.0,Error
1951232824.0,Error
1982657370.0,Error
1971491686.0,Error
1980617614.0,Error
1904472991.0,Error
1997367452.0,Error
1944474545.0,Error
1917899700.0,Error
1982354363.0,Error
1927607230.0,Error
1999983574.0,Error
1908208601.0,Error
1963927717.0,Error
1930793952.0,Error
1048867818.0,Error
1008038898.0,Error
1990915068.0,Error
1044870144.0,Error
1970410497.0,Error
1917315246.0,Error
1994716182.0,Error
1918156295.0,Error
1941776068.0,Error
1047688254.0,Error
1973564529.0,Error
1949627509.0,Error
1046631577.0,Error
1964971163.0,Error
1054954678.0,Error
1069869258.0,Error
1934496968.0,Error
1984243401.0,Error
1909257424.0,Error
1970074846.0,Error
1930097891.0,Error
1933964535.0,Error
1952273657.0,Error
1014518705.0,Error
1039979791.0,Error
1910076694.0,Error
1036252462.0,Error
1938052405.0,Error
1044182336.0,Error
1906013540.0,Error
1906111851.0,Error
1909257602.0,Error
1932866950.0,Error
1966958829.0,Error
1950676370.0,Error
1965323669.0,Error
1922381235.0,Error
1997662454.0,Error
1965880779.0,Error
1901917645.0,Error
1935119830.0,Error
1964734171.0,Error
1910797816.0,Error
1007121953.0,Error
1005909550.0,Error
1958016564.0,Error
1999861302.0,Error
1935996483.0,Error
1945335373.0,Error
1046804067.0,Error
1988556398.0,Error
1019836051.0,Error
1996879528.0,Error
1035957931.0,Error
1956140717.0,Error
1009612464.0,Error
1902442173.0,Error
1006466755.0,Error
1059387083.0,Error
1900869353.0,Error
1058830070.0,Error
1911322386.0,Error
1058699030.0,Error
1992193815.0,Error
1913452313.0,Error
1990080282.0,Error
1906931485.0,Error
1970624310.0,Error
1036642616.0,Error
1974466387.0,Error
1037105000.0,Error
1913649009.0,Error
1919219582.0,Error
1059895172.0,Error
1963784076.0,Error
1959851928.0,Error
1960660286.0,Error
1908340661.0,Error
1959983038.0,Error
1967552453.0,Error
1054635980.0,Error
1904768973.0,Error
1045329877.0,Error
1066891227.0,Error
1988491289.0,Error
1918335008.0,Error
1025693749.0,Error
1953724474.0,Error
1967355981.0,Error
1902966869.0,Error
1911945303.0,Error
1901787226.0,Error
1960040556.0,Error
1995237282.0,Error
1055225980.0,Error
1953616918.0,Error
1029011637.0,Error
1964048073.0,Error
1950677189.0,Error
1914140870.0,Error
1924823250.0,Error
1927903456.0,Error
1016918437.0,Error
1963780477.0,Error
1928403203.0,Error
1024096554.0,Error
1951168812.0,Error
1024686387.0,Error
1939803871.0,Error
1960704339.0,Error
1026292063.0,Error
1014036836.0,Error
1947859305.0,Error
1985804651.0,Error
1972562324.0,Error
1974892948.0,Error
1019312548.0,Error
1935997359.0,Error
1907714462.0,Error
1958607305.0,Error
1957493199.0,Error
1054636515.0,Error
1989803772.0,Error
1029446138.0,Error
1969551885.0,Error
1059125776.0,Error
1918530651.0,Error
1931967016.0,Error
1018493485.0,Error
1067086673.0,Error
1912568376.0,Error
1015511629.0,Error
1049455035.0,Error
1944386166.0,Error
1950874252.0,Error
1008958133.0,Error
1057290950.0,Error
1985215177.0,Error
1037892335.0,Error
1056766730.0,Error
1038416653.0,Error
1975319317.0,Error
1066400535.0,Error
1907686169.0,Error
1006597254.0,Error
1944484651.0,Error
1909844445.0,Error
1969879869.0,Error
1981965958.0,Error
1983511365.0,Error
1975843674.0,Error
1029175122.0,Error
1065155447.0,Error
1018847041.0,Error
1984985994.0,Error
1957395379.0,Error
1947532225.0,Error
1970600900.0,Error
1025833929.0,Error
1900870618.0,Error
1039989725.0,Error
1924987876.0,Error
1908374501.0,Error
1965489130.0,Error
1054669826.0,Error
1917533188.0,Error
1976620204.0,Error
1067514891.0,Error
1911880725.0,Error
1999421273.0,Error
1988500515.0,Error
1937439783.0,Error
1967979564.0,Error
1938619437.0,Error
1950252085.0,Error
1901984833.0,Error
1965276247.0,Error
1989491215.0,Error
1928674398.0,Error
1979006070.0,Error
1916615818.0,Error
1926691986.0,Error
1059749016.0,Error
1907621026.0,Error
1036418221.0,Error
1920007356.0,Error
1965227200.0,Error
1947532482.0,Error
1904540871.0,Error
1007385804.0,Error
1902574803.0,Error
1975549141.0,Error
1942445945.0,Error
1064008922.0,Error
1993424097.0,Error
1991175965.0,Error
1057193189.0,Error
1966406910.0,Error
1953037584.0,Error
1008762149.0,Error
1983659307.0,Error
1016855867.0,Error
1009253715.0,Error
1057717619.0,Error
1973222780.0,Error
1999366732.0,Error
1923644878.0,Error
1058864598.0,Error
1953770063.0,Error
1916075501.0,Error
1037368819.0,Error
1046805076.0,Error
1972714810.0,Error
1905065478.0,Error
1007484429.0,Error
1957723675.0,Error
1014328412.0,Error
1929412158.0,Error
1907588707.0,Error
1981603433.0,Error
1931804274.0,Error
1985511041.0,Error
1920958102.0,Error
1965883031.0,Error
1069219492.0,Error
1006427820.0,Error
1910734518.0,Error
1907687100.0,Error
1045757629.0,Error
1900035783.0,Error
1981087435.0,Error
1994718942.0,Error
1017986810.0,Error
1948745473.0,Error
1906016003.0,Error
1952677642.0,Error
1942126348.0,Error
1954051373.0,Error
1005682456.0,Error
1014300441.0,Error
1016446771.0,Error
1047330624.0,Error
1948581729.0,Error
1992605670.0,Error
1005387641.0,Error
1981786775.0,Error
1068433303.0,Error
1969749928.0,Error
1915027373.0,Error
1926987696.0,Error
1029472186.0,Error
1955692484.0,Error
1014726603.0,Error
1933803488.0,Error
1037484014.0,Error
1954873327.0,Error
1971036147.0,Error
1056309247.0,Error
